Marker	Chr	Pos	p
JHI-Hv50k-2016-489254	7H	498717095	0.00000242
JHI-Hv50k-2016-489219	7H	498984440	0.000000465
JHI-Hv50k-2016-489205	7H	499071082	0.000000438
JHI-Hv50k-2016-489174	7H	499404297	0.000000465
JHI-Hv50k-2016-489168	7H	499407586	0.000000465
JHI-Hv50k-2016-489164	7H	499432845	0.000000465
JHI-Hv50k-2016-489156	7H	499444013	0.000000465
JHI-Hv50k-2016-489144	7H	499462679	0.000000438
JHI-Hv50k-2016-489129	7H	499788000	0.000000438
