Marker	Chr	Pos	p
JHI-Hv50k-2016-79446	2H	48081081	0.0000617
JHI-Hv50k-2016-79537	2H	48269792	0.0000732
JHI-Hv50k-2016-79696	2H	48579641	0.0000887
JHI-Hv50k-2016-459633	7H	36696445	0.0000578
JHI-Hv50k-2016-488067	7H	482468420	0.0000669
JHI-Hv50k-2016-489031	7H	496430435	0.00000146
JHI-Hv50k-2016-489053	7H	496915681	0.000000438
JHI-Hv50k-2016-489254	7H	498717095	0.00000242
JHI-Hv50k-2016-489219	7H	498984440	0.000000465
JHI-Hv50k-2016-489205	7H	499071082	0.000000438
JHI-Hv50k-2016-489174	7H	499404297	0.000000465
JHI-Hv50k-2016-489168	7H	499407586	0.000000465
JHI-Hv50k-2016-489164	7H	499432845	0.000000465
JHI-Hv50k-2016-489156	7H	499444013	0.000000465
JHI-Hv50k-2016-489144	7H	499462679	0.000000438
JHI-Hv50k-2016-489129	7H	499788000	0.000000438
JHI-Hv50k-2016-489103	7H	500129030	0.000000438
SCRI_RS_169649	7H	501592821	0.0000109
JHI-Hv50k-2016-489587	7H	502433203	0.0000171
