"","Sample","Pheno","ldcls","comb","SNP"
"1","G1",22.72177,"AA|CC|TT|GG|GG|CC|AA|CC|AA|CC|TT|GG|AA|AA|TT|TT|GG|TT|AA|GG|TT|CC|CC|GG|AA|GG|AA|GG|CC|GG|AA|GG|GG|CC|CC","1","2H:580548473"
"2","G19",22.16574,"AA|CC|TT|GG|GG|CC|AA|CC|AA|CC|TT|GG|AA|AA|TT|TT|GG|TT|AA|GG|TT|CC|CC|GG|AA|GG|AA|GG|CC|GG|AA|GG|GG|CC|CC","1","2H:580548473"
"3","G24",23.31557,"AA|CC|TT|GG|GG|CC|AA|CC|AA|CC|TT|GG|AA|AA|TT|TT|GG|TT|AA|GG|TT|CC|CC|GG|AA|GG|AA|GG|CC|GG|AA|GG|GG|CC|CC","1","2H:580548473"
"4","G26",24.30342,"AA|CC|TT|GG|GG|CC|AA|CC|AA|CC|TT|GG|AA|AA|TT|TT|GG|TT|AA|GG|TT|CC|CC|GG|AA|GG|AA|GG|CC|GG|AA|GG|GG|CC|CC","1","2H:580548473"
"5","G28",25.55364,"AA|CC|TT|GG|GG|CC|AA|CC|AA|CC|TT|GG|AA|AA|TT|TT|GG|TT|AA|GG|TT|CC|CC|GG|AA|GG|AA|GG|CC|GG|AA|GG|GG|CC|CC","1","2H:580548473"
"6","G33",21.50603,"AA|CC|TT|GG|GG|CC|AA|CC|AA|CC|TT|GG|AA|AA|TT|TT|GG|TT|AA|GG|TT|CC|CC|GG|AA|GG|AA|GG|CC|GG|AA|GG|GG|CC|CC","1","2H:580548473"
"7","G35",21.7006,"AA|CC|TT|GG|GG|CC|AA|CC|AA|CC|TT|GG|AA|AA|TT|TT|GG|TT|AA|GG|TT|CC|CC|GG|AA|GG|AA|GG|CC|GG|AA|GG|GG|CC|CC","1","2H:580548473"
"8","G36",24.94855,"AA|CC|TT|GG|GG|CC|AA|CC|AA|CC|TT|GG|AA|AA|TT|TT|GG|TT|AA|GG|TT|CC|CC|GG|AA|GG|AA|GG|CC|GG|AA|GG|GG|CC|CC","1","2H:580548473"
"9","G40",21.69324,"AA|CC|TT|GG|GG|CC|AA|CC|AA|CC|TT|GG|AA|AA|TT|TT|GG|TT|AA|GG|TT|CC|CC|GG|AA|GG|AA|GG|CC|GG|AA|GG|GG|CC|CC","1","2H:580548473"
"10","G56",20.81844,"AA|CC|TT|GG|GG|CC|AA|CC|AA|CC|TT|GG|AA|AA|TT|TT|GG|TT|AA|GG|TT|CC|CC|GG|AA|GG|AA|GG|CC|GG|AA|GG|GG|CC|CC","1","2H:580548473"
"11","G65",23.85477,"AA|CC|TT|GG|GG|CC|AA|CC|AA|CC|TT|GG|AA|AA|TT|TT|GG|TT|AA|GG|TT|CC|CC|GG|AA|GG|AA|GG|CC|GG|AA|GG|GG|CC|CC","1","2H:580548473"
"12","G119",20.06586,"AA|CC|TT|GG|GG|CC|AA|CC|AA|CC|TT|GG|AA|AA|TT|TT|GG|TT|AA|GG|TT|CC|CC|GG|AA|GG|AA|GG|CC|GG|AA|GG|GG|CC|CC","1","2H:580548473"
"13","G121",23.13077,"AA|CC|TT|GG|GG|CC|AA|CC|AA|CC|TT|GG|AA|AA|TT|TT|GG|TT|AA|GG|TT|CC|CC|GG|AA|GG|AA|GG|CC|GG|AA|GG|GG|CC|CC","1","2H:580548473"
"14","G122",20.91659,"AA|CC|TT|GG|GG|CC|AA|CC|AA|CC|TT|GG|AA|AA|TT|TT|GG|TT|AA|GG|TT|CC|CC|GG|AA|GG|AA|GG|CC|GG|AA|GG|GG|CC|CC","1","2H:580548473"
"15","G145",20.38281,"AA|CC|TT|GG|GG|CC|AA|CC|AA|CC|TT|GG|AA|AA|TT|TT|GG|TT|AA|GG|TT|CC|CC|GG|AA|GG|AA|GG|CC|GG|AA|GG|GG|CC|CC","1","2H:580548473"
"16","G159",20.80584,"AA|CC|TT|GG|GG|CC|AA|CC|AA|CC|TT|GG|AA|AA|TT|TT|GG|TT|AA|GG|TT|CC|CC|GG|AA|GG|AA|GG|CC|GG|AA|GG|GG|CC|CC","1","2H:580548473"
"17","G162",22.85653,"AA|CC|TT|GG|GG|CC|AA|CC|AA|CC|TT|GG|AA|AA|TT|TT|GG|TT|AA|GG|TT|CC|CC|GG|AA|GG|AA|GG|CC|GG|AA|GG|GG|CC|CC","1","2H:580548473"
"18","G166",24.44135,"AA|CC|TT|GG|GG|CC|AA|CC|AA|CC|TT|GG|AA|AA|TT|TT|GG|TT|AA|GG|TT|CC|CC|GG|AA|GG|AA|GG|CC|GG|AA|GG|GG|CC|CC","1","2H:580548473"
"19","G171",18.1033,"AA|CC|TT|GG|GG|CC|AA|CC|AA|CC|TT|GG|AA|AA|TT|TT|GG|TT|AA|GG|TT|CC|CC|GG|AA|GG|AA|GG|CC|GG|AA|GG|GG|CC|CC","1","2H:580548473"
"20","G179",18.07656,"AA|CC|TT|GG|GG|CC|AA|CC|AA|CC|TT|GG|AA|AA|TT|TT|GG|TT|AA|GG|TT|CC|CC|GG|AA|GG|AA|GG|CC|GG|AA|GG|GG|CC|CC","1","2H:580548473"
"21","G188",21.37451,"AA|CC|TT|GG|GG|CC|AA|CC|AA|CC|TT|GG|AA|AA|TT|TT|GG|TT|AA|GG|TT|CC|CC|GG|AA|GG|AA|GG|CC|GG|AA|GG|GG|CC|CC","1","2H:580548473"
"22","G190",19.85955,"AA|CC|TT|GG|GG|CC|AA|CC|AA|CC|TT|GG|AA|AA|TT|TT|GG|TT|AA|GG|TT|CC|CC|GG|AA|GG|AA|GG|CC|GG|AA|GG|GG|CC|CC","1","2H:580548473"
"23","G192",23.36046,"AA|CC|TT|GG|GG|CC|AA|CC|AA|CC|TT|GG|AA|AA|TT|TT|GG|TT|AA|GG|TT|CC|CC|GG|AA|GG|AA|GG|CC|GG|AA|GG|GG|CC|CC","1","2H:580548473"
"24","G194",23.76612,"AA|CC|TT|GG|GG|CC|AA|CC|AA|CC|TT|GG|AA|AA|TT|TT|GG|TT|AA|GG|TT|CC|CC|GG|AA|GG|AA|GG|CC|GG|AA|GG|GG|CC|CC","1","2H:580548473"
"25","G196",20.76239,"AA|CC|TT|GG|GG|CC|AA|CC|AA|CC|TT|GG|AA|AA|TT|TT|GG|TT|AA|GG|TT|CC|CC|GG|AA|GG|AA|GG|CC|GG|AA|GG|GG|CC|CC","1","2H:580548473"
"26","G198",21.64197,"AA|CC|TT|GG|GG|CC|AA|CC|AA|CC|TT|GG|AA|AA|TT|TT|GG|TT|AA|GG|TT|CC|CC|GG|AA|GG|AA|GG|CC|GG|AA|GG|GG|CC|CC","1","2H:580548473"
"27","G200",21.84498,"AA|CC|TT|GG|GG|CC|AA|CC|AA|CC|TT|GG|AA|AA|TT|TT|GG|TT|AA|GG|TT|CC|CC|GG|AA|GG|AA|GG|CC|GG|AA|GG|GG|CC|CC","1","2H:580548473"
"28","G203",18.58091,"AA|CC|TT|GG|GG|CC|AA|CC|AA|CC|TT|GG|AA|AA|TT|TT|GG|TT|AA|GG|TT|CC|CC|GG|AA|GG|AA|GG|CC|GG|AA|GG|GG|CC|CC","1","2H:580548473"
"29","G206",21.31375,"AA|CC|TT|GG|GG|CC|AA|CC|AA|CC|TT|GG|AA|AA|TT|TT|GG|TT|AA|GG|TT|CC|CC|GG|AA|GG|AA|GG|CC|GG|AA|GG|GG|CC|CC","1","2H:580548473"
"30","G208",22.49594,"AA|CC|TT|GG|GG|CC|AA|CC|AA|CC|TT|GG|AA|AA|TT|TT|GG|TT|AA|GG|TT|CC|CC|GG|AA|GG|AA|GG|CC|GG|AA|GG|GG|CC|CC","1","2H:580548473"
"31","G212",22.00162,"AA|CC|TT|GG|GG|CC|AA|CC|AA|CC|TT|GG|AA|AA|TT|TT|GG|TT|AA|GG|TT|CC|CC|GG|AA|GG|AA|GG|CC|GG|AA|GG|GG|CC|CC","1","2H:580548473"
"32","G213",22.76205,"AA|CC|TT|GG|GG|CC|AA|CC|AA|CC|TT|GG|AA|AA|TT|TT|GG|TT|AA|GG|TT|CC|CC|GG|AA|GG|AA|GG|CC|GG|AA|GG|GG|CC|CC","1","2H:580548473"
"33","G214",22.66022,"AA|CC|TT|GG|GG|CC|AA|CC|AA|CC|TT|GG|AA|AA|TT|TT|GG|TT|AA|GG|TT|CC|CC|GG|AA|GG|AA|GG|CC|GG|AA|GG|GG|CC|CC","1","2H:580548473"
"34","G218",21.11602,"AA|CC|TT|GG|GG|CC|AA|CC|AA|CC|TT|GG|AA|AA|TT|TT|GG|TT|AA|GG|TT|CC|CC|GG|AA|GG|AA|GG|CC|GG|AA|GG|GG|CC|CC","1","2H:580548473"
"35","G225",22.83821,"AA|CC|TT|GG|GG|CC|AA|CC|AA|CC|TT|GG|AA|AA|TT|TT|GG|TT|AA|GG|TT|CC|CC|GG|AA|GG|AA|GG|CC|GG|AA|GG|GG|CC|CC","1","2H:580548473"
"36","G226",24.0162,"AA|CC|TT|GG|GG|CC|AA|CC|AA|CC|TT|GG|AA|AA|TT|TT|GG|TT|AA|GG|TT|CC|CC|GG|AA|GG|AA|GG|CC|GG|AA|GG|GG|CC|CC","1","2H:580548473"
"37","G236",24.69329,"AA|CC|TT|GG|GG|CC|AA|CC|AA|CC|TT|GG|AA|AA|TT|TT|GG|TT|AA|GG|TT|CC|CC|GG|AA|GG|AA|GG|CC|GG|AA|GG|GG|CC|CC","1","2H:580548473"
"38","G237",19.85151,"AA|CC|TT|GG|GG|CC|AA|CC|AA|CC|TT|GG|AA|AA|TT|TT|GG|TT|AA|GG|TT|CC|CC|GG|AA|GG|AA|GG|CC|GG|AA|GG|GG|CC|CC","1","2H:580548473"
"39","G238",22.04493,"AA|CC|TT|GG|GG|CC|AA|CC|AA|CC|TT|GG|AA|AA|TT|TT|GG|TT|AA|GG|TT|CC|CC|GG|AA|GG|AA|GG|CC|GG|AA|GG|GG|CC|CC","1","2H:580548473"
"40","G239",20.94633,"AA|CC|TT|GG|GG|CC|AA|CC|AA|CC|TT|GG|AA|AA|TT|TT|GG|TT|AA|GG|TT|CC|CC|GG|AA|GG|AA|GG|CC|GG|AA|GG|GG|CC|CC","1","2H:580548473"
"41","G254",22.87899,"AA|CC|TT|GG|GG|CC|AA|CC|AA|CC|TT|GG|AA|AA|TT|TT|GG|TT|AA|GG|TT|CC|CC|GG|AA|GG|AA|GG|CC|GG|AA|GG|GG|CC|CC","1","2H:580548473"
"42","G284",24.18164,"AA|CC|TT|GG|GG|CC|AA|CC|AA|CC|TT|GG|AA|AA|TT|TT|GG|TT|AA|GG|TT|CC|CC|GG|AA|GG|AA|GG|CC|GG|AA|GG|GG|CC|CC","1","2H:580548473"
"43","G285",22.98508,"AA|CC|TT|GG|GG|CC|AA|CC|AA|CC|TT|GG|AA|AA|TT|TT|GG|TT|AA|GG|TT|CC|CC|GG|AA|GG|AA|GG|CC|GG|AA|GG|GG|CC|CC","1","2H:580548473"
"44","G289",20.63683,"AA|CC|TT|GG|GG|CC|AA|CC|AA|CC|TT|GG|AA|AA|TT|TT|GG|TT|AA|GG|TT|CC|CC|GG|AA|GG|AA|GG|CC|GG|AA|GG|GG|CC|CC","1","2H:580548473"
"45","G296",20.96936,"AA|CC|TT|GG|GG|CC|AA|CC|AA|CC|TT|GG|AA|AA|TT|TT|GG|TT|AA|GG|TT|CC|CC|GG|AA|GG|AA|GG|CC|GG|AA|GG|GG|CC|CC","1","2H:580548473"
"46","G300",21.29525,"AA|CC|TT|GG|GG|CC|AA|CC|AA|CC|TT|GG|AA|AA|TT|TT|GG|TT|AA|GG|TT|CC|CC|GG|AA|GG|AA|GG|CC|GG|AA|GG|GG|CC|CC","1","2H:580548473"
"47","G305",19.64234,"AA|CC|TT|GG|GG|CC|AA|CC|AA|CC|TT|GG|AA|AA|TT|TT|GG|TT|AA|GG|TT|CC|CC|GG|AA|GG|AA|GG|CC|GG|AA|GG|GG|CC|CC","1","2H:580548473"
"48","G311",25.42234,"AA|CC|TT|GG|GG|CC|AA|CC|AA|CC|TT|GG|AA|AA|TT|TT|GG|TT|AA|GG|TT|CC|CC|GG|AA|GG|AA|GG|CC|GG|AA|GG|GG|CC|CC","1","2H:580548473"
"49","G312",19.11717,"AA|CC|TT|GG|GG|CC|AA|CC|AA|CC|TT|GG|AA|AA|TT|TT|GG|TT|AA|GG|TT|CC|CC|GG|AA|GG|AA|GG|CC|GG|AA|GG|GG|CC|CC","1","2H:580548473"
"50","G313",21.71683,"AA|CC|TT|GG|GG|CC|AA|CC|AA|CC|TT|GG|AA|AA|TT|TT|GG|TT|AA|GG|TT|CC|CC|GG|AA|GG|AA|GG|CC|GG|AA|GG|GG|CC|CC","1","2H:580548473"
"51","G315",23.40745,"AA|CC|TT|GG|GG|CC|AA|CC|AA|CC|TT|GG|AA|AA|TT|TT|GG|TT|AA|GG|TT|CC|CC|GG|AA|GG|AA|GG|CC|GG|AA|GG|GG|CC|CC","1","2H:580548473"
"52","G2",23.07877,"GG|AA|CC|CC|CC|TT|TT|AA|AA|TT|CC|GG|AA|GG|TT|TT|GG|TT|GG|GG|TT|CC|GG|AA|AA|AA|AA|CC|CC|AA|GG|GG|AA|CC|CC","2","2H:580548473"
"53","G7",22.96829,"GG|AA|CC|CC|CC|TT|TT|AA|AA|TT|CC|GG|AA|GG|TT|TT|GG|TT|GG|GG|TT|CC|GG|AA|AA|AA|AA|CC|CC|AA|GG|GG|AA|CC|CC","2","2H:580548473"
"54","G12",21.53395,"GG|AA|CC|CC|CC|TT|TT|AA|AA|TT|CC|GG|AA|GG|TT|TT|GG|TT|GG|GG|TT|CC|GG|AA|AA|AA|AA|CC|CC|AA|GG|GG|AA|CC|CC","2","2H:580548473"
"55","G21",22.09289,"GG|AA|CC|CC|CC|TT|TT|AA|AA|TT|CC|GG|AA|GG|TT|TT|GG|TT|GG|GG|TT|CC|GG|AA|AA|AA|AA|CC|CC|AA|GG|GG|AA|CC|CC","2","2H:580548473"
"56","G37",23.11009,"GG|AA|CC|CC|CC|TT|TT|AA|AA|TT|CC|GG|AA|GG|TT|TT|GG|TT|GG|GG|TT|CC|GG|AA|AA|AA|AA|CC|CC|AA|GG|GG|AA|CC|CC","2","2H:580548473"
"57","G42",22.38259,"GG|AA|CC|CC|CC|TT|TT|AA|AA|TT|CC|GG|AA|GG|TT|TT|GG|TT|GG|GG|TT|CC|GG|AA|AA|AA|AA|CC|CC|AA|GG|GG|AA|CC|CC","2","2H:580548473"
"58","G50",21.20548,"GG|AA|CC|CC|CC|TT|TT|AA|AA|TT|CC|GG|AA|GG|TT|TT|GG|TT|GG|GG|TT|CC|GG|AA|AA|AA|AA|CC|CC|AA|GG|GG|AA|CC|CC","2","2H:580548473"
"59","G63",23.46048,"GG|AA|CC|CC|CC|TT|TT|AA|AA|TT|CC|GG|AA|GG|TT|TT|GG|TT|GG|GG|TT|CC|GG|AA|AA|AA|AA|CC|CC|AA|GG|GG|AA|CC|CC","2","2H:580548473"
"60","G69",21.72851,"GG|AA|CC|CC|CC|TT|TT|AA|AA|TT|CC|GG|AA|GG|TT|TT|GG|TT|GG|GG|TT|CC|GG|AA|AA|AA|AA|CC|CC|AA|GG|GG|AA|CC|CC","2","2H:580548473"
"61","G70",21.92482,"GG|AA|CC|CC|CC|TT|TT|AA|AA|TT|CC|GG|AA|GG|TT|TT|GG|TT|GG|GG|TT|CC|GG|AA|AA|AA|AA|CC|CC|AA|GG|GG|AA|CC|CC","2","2H:580548473"
"62","G73",23.01956,"GG|AA|CC|CC|CC|TT|TT|AA|AA|TT|CC|GG|AA|GG|TT|TT|GG|TT|GG|GG|TT|CC|GG|AA|AA|AA|AA|CC|CC|AA|GG|GG|AA|CC|CC","2","2H:580548473"
"63","G76",20.81473,"GG|AA|CC|CC|CC|TT|TT|AA|AA|TT|CC|GG|AA|GG|TT|TT|GG|TT|GG|GG|TT|CC|GG|AA|AA|AA|AA|CC|CC|AA|GG|GG|AA|CC|CC","2","2H:580548473"
"64","G81",23.4355,"GG|AA|CC|CC|CC|TT|TT|AA|AA|TT|CC|GG|AA|GG|TT|TT|GG|TT|GG|GG|TT|CC|GG|AA|AA|AA|AA|CC|CC|AA|GG|GG|AA|CC|CC","2","2H:580548473"
"65","G82",23.11905,"GG|AA|CC|CC|CC|TT|TT|AA|AA|TT|CC|GG|AA|GG|TT|TT|GG|TT|GG|GG|TT|CC|GG|AA|AA|AA|AA|CC|CC|AA|GG|GG|AA|CC|CC","2","2H:580548473"
"66","G84",22.72886,"GG|AA|CC|CC|CC|TT|TT|AA|AA|TT|CC|GG|AA|GG|TT|TT|GG|TT|GG|GG|TT|CC|GG|AA|AA|AA|AA|CC|CC|AA|GG|GG|AA|CC|CC","2","2H:580548473"
"67","G89",23.73216,"GG|AA|CC|CC|CC|TT|TT|AA|AA|TT|CC|GG|AA|GG|TT|TT|GG|TT|GG|GG|TT|CC|GG|AA|AA|AA|AA|CC|CC|AA|GG|GG|AA|CC|CC","2","2H:580548473"
"68","G92",25.67942,"GG|AA|CC|CC|CC|TT|TT|AA|AA|TT|CC|GG|AA|GG|TT|TT|GG|TT|GG|GG|TT|CC|GG|AA|AA|AA|AA|CC|CC|AA|GG|GG|AA|CC|CC","2","2H:580548473"
"69","G93",24.31245,"GG|AA|CC|CC|CC|TT|TT|AA|AA|TT|CC|GG|AA|GG|TT|TT|GG|TT|GG|GG|TT|CC|GG|AA|AA|AA|AA|CC|CC|AA|GG|GG|AA|CC|CC","2","2H:580548473"
"70","G96",21.89628,"GG|AA|CC|CC|CC|TT|TT|AA|AA|TT|CC|GG|AA|GG|TT|TT|GG|TT|GG|GG|TT|CC|GG|AA|AA|AA|AA|CC|CC|AA|GG|GG|AA|CC|CC","2","2H:580548473"
"71","G97",22.56709,"GG|AA|CC|CC|CC|TT|TT|AA|AA|TT|CC|GG|AA|GG|TT|TT|GG|TT|GG|GG|TT|CC|GG|AA|AA|AA|AA|CC|CC|AA|GG|GG|AA|CC|CC","2","2H:580548473"
"72","G109",24.34794,"GG|AA|CC|CC|CC|TT|TT|AA|AA|TT|CC|GG|AA|GG|TT|TT|GG|TT|GG|GG|TT|CC|GG|AA|AA|AA|AA|CC|CC|AA|GG|GG|AA|CC|CC","2","2H:580548473"
"73","G123",21.25745,"GG|AA|CC|CC|CC|TT|TT|AA|AA|TT|CC|GG|AA|GG|TT|TT|GG|TT|GG|GG|TT|CC|GG|AA|AA|AA|AA|CC|CC|AA|GG|GG|AA|CC|CC","2","2H:580548473"
"74","G127",22.29944,"GG|AA|CC|CC|CC|TT|TT|AA|AA|TT|CC|GG|AA|GG|TT|TT|GG|TT|GG|GG|TT|CC|GG|AA|AA|AA|AA|CC|CC|AA|GG|GG|AA|CC|CC","2","2H:580548473"
"75","G131",24.20781,"GG|AA|CC|CC|CC|TT|TT|AA|AA|TT|CC|GG|AA|GG|TT|TT|GG|TT|GG|GG|TT|CC|GG|AA|AA|AA|AA|CC|CC|AA|GG|GG|AA|CC|CC","2","2H:580548473"
"76","G136",21.66202,"GG|AA|CC|CC|CC|TT|TT|AA|AA|TT|CC|GG|AA|GG|TT|TT|GG|TT|GG|GG|TT|CC|GG|AA|AA|AA|AA|CC|CC|AA|GG|GG|AA|CC|CC","2","2H:580548473"
"77","G137",23.88939,"GG|AA|CC|CC|CC|TT|TT|AA|AA|TT|CC|GG|AA|GG|TT|TT|GG|TT|GG|GG|TT|CC|GG|AA|AA|AA|AA|CC|CC|AA|GG|GG|AA|CC|CC","2","2H:580548473"
"78","G138",21.29375,"GG|AA|CC|CC|CC|TT|TT|AA|AA|TT|CC|GG|AA|GG|TT|TT|GG|TT|GG|GG|TT|CC|GG|AA|AA|AA|AA|CC|CC|AA|GG|GG|AA|CC|CC","2","2H:580548473"
"79","G140",22.3628,"GG|AA|CC|CC|CC|TT|TT|AA|AA|TT|CC|GG|AA|GG|TT|TT|GG|TT|GG|GG|TT|CC|GG|AA|AA|AA|AA|CC|CC|AA|GG|GG|AA|CC|CC","2","2H:580548473"
"80","G141",22.81762,"GG|AA|CC|CC|CC|TT|TT|AA|AA|TT|CC|GG|AA|GG|TT|TT|GG|TT|GG|GG|TT|CC|GG|AA|AA|AA|AA|CC|CC|AA|GG|GG|AA|CC|CC","2","2H:580548473"
"81","G146",21.61163,"GG|AA|CC|CC|CC|TT|TT|AA|AA|TT|CC|GG|AA|GG|TT|TT|GG|TT|GG|GG|TT|CC|GG|AA|AA|AA|AA|CC|CC|AA|GG|GG|AA|CC|CC","2","2H:580548473"
"82","G147",23.6875,"GG|AA|CC|CC|CC|TT|TT|AA|AA|TT|CC|GG|AA|GG|TT|TT|GG|TT|GG|GG|TT|CC|GG|AA|AA|AA|AA|CC|CC|AA|GG|GG|AA|CC|CC","2","2H:580548473"
"83","G149",21.41569,"GG|AA|CC|CC|CC|TT|TT|AA|AA|TT|CC|GG|AA|GG|TT|TT|GG|TT|GG|GG|TT|CC|GG|AA|AA|AA|AA|CC|CC|AA|GG|GG|AA|CC|CC","2","2H:580548473"
"84","G150",23.14237,"GG|AA|CC|CC|CC|TT|TT|AA|AA|TT|CC|GG|AA|GG|TT|TT|GG|TT|GG|GG|TT|CC|GG|AA|AA|AA|AA|CC|CC|AA|GG|GG|AA|CC|CC","2","2H:580548473"
"85","G154",28.27727,"GG|AA|CC|CC|CC|TT|TT|AA|AA|TT|CC|GG|AA|GG|TT|TT|GG|TT|GG|GG|TT|CC|GG|AA|AA|AA|AA|CC|CC|AA|GG|GG|AA|CC|CC","2","2H:580548473"
"86","G156",24.09634,"GG|AA|CC|CC|CC|TT|TT|AA|AA|TT|CC|GG|AA|GG|TT|TT|GG|TT|GG|GG|TT|CC|GG|AA|AA|AA|AA|CC|CC|AA|GG|GG|AA|CC|CC","2","2H:580548473"
"87","G204",19.93747,"GG|AA|CC|CC|CC|TT|TT|AA|AA|TT|CC|GG|AA|GG|TT|TT|GG|TT|GG|GG|TT|CC|GG|AA|AA|AA|AA|CC|CC|AA|GG|GG|AA|CC|CC","2","2H:580548473"
"88","G220",23.01147,"GG|AA|CC|CC|CC|TT|TT|AA|AA|TT|CC|GG|AA|GG|TT|TT|GG|TT|GG|GG|TT|CC|GG|AA|AA|AA|AA|CC|CC|AA|GG|GG|AA|CC|CC","2","2H:580548473"
"89","G235",23.44093,"GG|AA|CC|CC|CC|TT|TT|AA|AA|TT|CC|GG|AA|GG|TT|TT|GG|TT|GG|GG|TT|CC|GG|AA|AA|AA|AA|CC|CC|AA|GG|GG|AA|CC|CC","2","2H:580548473"
"90","G240",21.16432,"GG|AA|CC|CC|CC|TT|TT|AA|AA|TT|CC|GG|AA|GG|TT|TT|GG|TT|GG|GG|TT|CC|GG|AA|AA|AA|AA|CC|CC|AA|GG|GG|AA|CC|CC","2","2H:580548473"
"91","G241",18.63539,"GG|AA|CC|CC|CC|TT|TT|AA|AA|TT|CC|GG|AA|GG|TT|TT|GG|TT|GG|GG|TT|CC|GG|AA|AA|AA|AA|CC|CC|AA|GG|GG|AA|CC|CC","2","2H:580548473"
"92","G242",21.37174,"GG|AA|CC|CC|CC|TT|TT|AA|AA|TT|CC|GG|AA|GG|TT|TT|GG|TT|GG|GG|TT|CC|GG|AA|AA|AA|AA|CC|CC|AA|GG|GG|AA|CC|CC","2","2H:580548473"
"93","G243",21.70276,"GG|AA|CC|CC|CC|TT|TT|AA|AA|TT|CC|GG|AA|GG|TT|TT|GG|TT|GG|GG|TT|CC|GG|AA|AA|AA|AA|CC|CC|AA|GG|GG|AA|CC|CC","2","2H:580548473"
"94","G245",21.2911,"GG|AA|CC|CC|CC|TT|TT|AA|AA|TT|CC|GG|AA|GG|TT|TT|GG|TT|GG|GG|TT|CC|GG|AA|AA|AA|AA|CC|CC|AA|GG|GG|AA|CC|CC","2","2H:580548473"
"95","G247",24.3878,"GG|AA|CC|CC|CC|TT|TT|AA|AA|TT|CC|GG|AA|GG|TT|TT|GG|TT|GG|GG|TT|CC|GG|AA|AA|AA|AA|CC|CC|AA|GG|GG|AA|CC|CC","2","2H:580548473"
"96","G249",19.68853,"GG|AA|CC|CC|CC|TT|TT|AA|AA|TT|CC|GG|AA|GG|TT|TT|GG|TT|GG|GG|TT|CC|GG|AA|AA|AA|AA|CC|CC|AA|GG|GG|AA|CC|CC","2","2H:580548473"
"97","G252",22.08283,"GG|AA|CC|CC|CC|TT|TT|AA|AA|TT|CC|GG|AA|GG|TT|TT|GG|TT|GG|GG|TT|CC|GG|AA|AA|AA|AA|CC|CC|AA|GG|GG|AA|CC|CC","2","2H:580548473"
"98","G257",20.01306,"GG|AA|CC|CC|CC|TT|TT|AA|AA|TT|CC|GG|AA|GG|TT|TT|GG|TT|GG|GG|TT|CC|GG|AA|AA|AA|AA|CC|CC|AA|GG|GG|AA|CC|CC","2","2H:580548473"
"99","G258",20.5718,"GG|AA|CC|CC|CC|TT|TT|AA|AA|TT|CC|GG|AA|GG|TT|TT|GG|TT|GG|GG|TT|CC|GG|AA|AA|AA|AA|CC|CC|AA|GG|GG|AA|CC|CC","2","2H:580548473"
"100","G278",24.43277,"GG|AA|CC|CC|CC|TT|TT|AA|AA|TT|CC|GG|AA|GG|TT|TT|GG|TT|GG|GG|TT|CC|GG|AA|AA|AA|AA|CC|CC|AA|GG|GG|AA|CC|CC","2","2H:580548473"
"101","G308",23.62506,"GG|AA|CC|CC|CC|TT|TT|AA|AA|TT|CC|GG|AA|GG|TT|TT|GG|TT|GG|GG|TT|CC|GG|AA|AA|AA|AA|CC|CC|AA|GG|GG|AA|CC|CC","2","2H:580548473"
"102","G1",22.72177,"AA|CC|TT|GG|GG|CC|AA|CC|AA|CC|TT|GG|AA|AA|TT|TT|GG|TT|AA|GG|TT|CC|CC|GG|AA|GG|AA|GG|CC|GG|AA|GG|GG|CC|CC","1","2H:580550249"
"103","G19",22.16574,"AA|CC|TT|GG|GG|CC|AA|CC|AA|CC|TT|GG|AA|AA|TT|TT|GG|TT|AA|GG|TT|CC|CC|GG|AA|GG|AA|GG|CC|GG|AA|GG|GG|CC|CC","1","2H:580550249"
"104","G24",23.31557,"AA|CC|TT|GG|GG|CC|AA|CC|AA|CC|TT|GG|AA|AA|TT|TT|GG|TT|AA|GG|TT|CC|CC|GG|AA|GG|AA|GG|CC|GG|AA|GG|GG|CC|CC","1","2H:580550249"
"105","G26",24.30342,"AA|CC|TT|GG|GG|CC|AA|CC|AA|CC|TT|GG|AA|AA|TT|TT|GG|TT|AA|GG|TT|CC|CC|GG|AA|GG|AA|GG|CC|GG|AA|GG|GG|CC|CC","1","2H:580550249"
"106","G28",25.55364,"AA|CC|TT|GG|GG|CC|AA|CC|AA|CC|TT|GG|AA|AA|TT|TT|GG|TT|AA|GG|TT|CC|CC|GG|AA|GG|AA|GG|CC|GG|AA|GG|GG|CC|CC","1","2H:580550249"
"107","G33",21.50603,"AA|CC|TT|GG|GG|CC|AA|CC|AA|CC|TT|GG|AA|AA|TT|TT|GG|TT|AA|GG|TT|CC|CC|GG|AA|GG|AA|GG|CC|GG|AA|GG|GG|CC|CC","1","2H:580550249"
"108","G35",21.7006,"AA|CC|TT|GG|GG|CC|AA|CC|AA|CC|TT|GG|AA|AA|TT|TT|GG|TT|AA|GG|TT|CC|CC|GG|AA|GG|AA|GG|CC|GG|AA|GG|GG|CC|CC","1","2H:580550249"
"109","G36",24.94855,"AA|CC|TT|GG|GG|CC|AA|CC|AA|CC|TT|GG|AA|AA|TT|TT|GG|TT|AA|GG|TT|CC|CC|GG|AA|GG|AA|GG|CC|GG|AA|GG|GG|CC|CC","1","2H:580550249"
"110","G40",21.69324,"AA|CC|TT|GG|GG|CC|AA|CC|AA|CC|TT|GG|AA|AA|TT|TT|GG|TT|AA|GG|TT|CC|CC|GG|AA|GG|AA|GG|CC|GG|AA|GG|GG|CC|CC","1","2H:580550249"
"111","G56",20.81844,"AA|CC|TT|GG|GG|CC|AA|CC|AA|CC|TT|GG|AA|AA|TT|TT|GG|TT|AA|GG|TT|CC|CC|GG|AA|GG|AA|GG|CC|GG|AA|GG|GG|CC|CC","1","2H:580550249"
"112","G65",23.85477,"AA|CC|TT|GG|GG|CC|AA|CC|AA|CC|TT|GG|AA|AA|TT|TT|GG|TT|AA|GG|TT|CC|CC|GG|AA|GG|AA|GG|CC|GG|AA|GG|GG|CC|CC","1","2H:580550249"
"113","G119",20.06586,"AA|CC|TT|GG|GG|CC|AA|CC|AA|CC|TT|GG|AA|AA|TT|TT|GG|TT|AA|GG|TT|CC|CC|GG|AA|GG|AA|GG|CC|GG|AA|GG|GG|CC|CC","1","2H:580550249"
"114","G121",23.13077,"AA|CC|TT|GG|GG|CC|AA|CC|AA|CC|TT|GG|AA|AA|TT|TT|GG|TT|AA|GG|TT|CC|CC|GG|AA|GG|AA|GG|CC|GG|AA|GG|GG|CC|CC","1","2H:580550249"
"115","G122",20.91659,"AA|CC|TT|GG|GG|CC|AA|CC|AA|CC|TT|GG|AA|AA|TT|TT|GG|TT|AA|GG|TT|CC|CC|GG|AA|GG|AA|GG|CC|GG|AA|GG|GG|CC|CC","1","2H:580550249"
"116","G145",20.38281,"AA|CC|TT|GG|GG|CC|AA|CC|AA|CC|TT|GG|AA|AA|TT|TT|GG|TT|AA|GG|TT|CC|CC|GG|AA|GG|AA|GG|CC|GG|AA|GG|GG|CC|CC","1","2H:580550249"
"117","G159",20.80584,"AA|CC|TT|GG|GG|CC|AA|CC|AA|CC|TT|GG|AA|AA|TT|TT|GG|TT|AA|GG|TT|CC|CC|GG|AA|GG|AA|GG|CC|GG|AA|GG|GG|CC|CC","1","2H:580550249"
"118","G162",22.85653,"AA|CC|TT|GG|GG|CC|AA|CC|AA|CC|TT|GG|AA|AA|TT|TT|GG|TT|AA|GG|TT|CC|CC|GG|AA|GG|AA|GG|CC|GG|AA|GG|GG|CC|CC","1","2H:580550249"
"119","G166",24.44135,"AA|CC|TT|GG|GG|CC|AA|CC|AA|CC|TT|GG|AA|AA|TT|TT|GG|TT|AA|GG|TT|CC|CC|GG|AA|GG|AA|GG|CC|GG|AA|GG|GG|CC|CC","1","2H:580550249"
"120","G171",18.1033,"AA|CC|TT|GG|GG|CC|AA|CC|AA|CC|TT|GG|AA|AA|TT|TT|GG|TT|AA|GG|TT|CC|CC|GG|AA|GG|AA|GG|CC|GG|AA|GG|GG|CC|CC","1","2H:580550249"
"121","G179",18.07656,"AA|CC|TT|GG|GG|CC|AA|CC|AA|CC|TT|GG|AA|AA|TT|TT|GG|TT|AA|GG|TT|CC|CC|GG|AA|GG|AA|GG|CC|GG|AA|GG|GG|CC|CC","1","2H:580550249"
"122","G188",21.37451,"AA|CC|TT|GG|GG|CC|AA|CC|AA|CC|TT|GG|AA|AA|TT|TT|GG|TT|AA|GG|TT|CC|CC|GG|AA|GG|AA|GG|CC|GG|AA|GG|GG|CC|CC","1","2H:580550249"
"123","G190",19.85955,"AA|CC|TT|GG|GG|CC|AA|CC|AA|CC|TT|GG|AA|AA|TT|TT|GG|TT|AA|GG|TT|CC|CC|GG|AA|GG|AA|GG|CC|GG|AA|GG|GG|CC|CC","1","2H:580550249"
"124","G192",23.36046,"AA|CC|TT|GG|GG|CC|AA|CC|AA|CC|TT|GG|AA|AA|TT|TT|GG|TT|AA|GG|TT|CC|CC|GG|AA|GG|AA|GG|CC|GG|AA|GG|GG|CC|CC","1","2H:580550249"
"125","G194",23.76612,"AA|CC|TT|GG|GG|CC|AA|CC|AA|CC|TT|GG|AA|AA|TT|TT|GG|TT|AA|GG|TT|CC|CC|GG|AA|GG|AA|GG|CC|GG|AA|GG|GG|CC|CC","1","2H:580550249"
"126","G196",20.76239,"AA|CC|TT|GG|GG|CC|AA|CC|AA|CC|TT|GG|AA|AA|TT|TT|GG|TT|AA|GG|TT|CC|CC|GG|AA|GG|AA|GG|CC|GG|AA|GG|GG|CC|CC","1","2H:580550249"
"127","G198",21.64197,"AA|CC|TT|GG|GG|CC|AA|CC|AA|CC|TT|GG|AA|AA|TT|TT|GG|TT|AA|GG|TT|CC|CC|GG|AA|GG|AA|GG|CC|GG|AA|GG|GG|CC|CC","1","2H:580550249"
"128","G200",21.84498,"AA|CC|TT|GG|GG|CC|AA|CC|AA|CC|TT|GG|AA|AA|TT|TT|GG|TT|AA|GG|TT|CC|CC|GG|AA|GG|AA|GG|CC|GG|AA|GG|GG|CC|CC","1","2H:580550249"
"129","G203",18.58091,"AA|CC|TT|GG|GG|CC|AA|CC|AA|CC|TT|GG|AA|AA|TT|TT|GG|TT|AA|GG|TT|CC|CC|GG|AA|GG|AA|GG|CC|GG|AA|GG|GG|CC|CC","1","2H:580550249"
"130","G206",21.31375,"AA|CC|TT|GG|GG|CC|AA|CC|AA|CC|TT|GG|AA|AA|TT|TT|GG|TT|AA|GG|TT|CC|CC|GG|AA|GG|AA|GG|CC|GG|AA|GG|GG|CC|CC","1","2H:580550249"
"131","G208",22.49594,"AA|CC|TT|GG|GG|CC|AA|CC|AA|CC|TT|GG|AA|AA|TT|TT|GG|TT|AA|GG|TT|CC|CC|GG|AA|GG|AA|GG|CC|GG|AA|GG|GG|CC|CC","1","2H:580550249"
"132","G212",22.00162,"AA|CC|TT|GG|GG|CC|AA|CC|AA|CC|TT|GG|AA|AA|TT|TT|GG|TT|AA|GG|TT|CC|CC|GG|AA|GG|AA|GG|CC|GG|AA|GG|GG|CC|CC","1","2H:580550249"
"133","G213",22.76205,"AA|CC|TT|GG|GG|CC|AA|CC|AA|CC|TT|GG|AA|AA|TT|TT|GG|TT|AA|GG|TT|CC|CC|GG|AA|GG|AA|GG|CC|GG|AA|GG|GG|CC|CC","1","2H:580550249"
"134","G214",22.66022,"AA|CC|TT|GG|GG|CC|AA|CC|AA|CC|TT|GG|AA|AA|TT|TT|GG|TT|AA|GG|TT|CC|CC|GG|AA|GG|AA|GG|CC|GG|AA|GG|GG|CC|CC","1","2H:580550249"
"135","G218",21.11602,"AA|CC|TT|GG|GG|CC|AA|CC|AA|CC|TT|GG|AA|AA|TT|TT|GG|TT|AA|GG|TT|CC|CC|GG|AA|GG|AA|GG|CC|GG|AA|GG|GG|CC|CC","1","2H:580550249"
"136","G225",22.83821,"AA|CC|TT|GG|GG|CC|AA|CC|AA|CC|TT|GG|AA|AA|TT|TT|GG|TT|AA|GG|TT|CC|CC|GG|AA|GG|AA|GG|CC|GG|AA|GG|GG|CC|CC","1","2H:580550249"
"137","G226",24.0162,"AA|CC|TT|GG|GG|CC|AA|CC|AA|CC|TT|GG|AA|AA|TT|TT|GG|TT|AA|GG|TT|CC|CC|GG|AA|GG|AA|GG|CC|GG|AA|GG|GG|CC|CC","1","2H:580550249"
"138","G236",24.69329,"AA|CC|TT|GG|GG|CC|AA|CC|AA|CC|TT|GG|AA|AA|TT|TT|GG|TT|AA|GG|TT|CC|CC|GG|AA|GG|AA|GG|CC|GG|AA|GG|GG|CC|CC","1","2H:580550249"
"139","G237",19.85151,"AA|CC|TT|GG|GG|CC|AA|CC|AA|CC|TT|GG|AA|AA|TT|TT|GG|TT|AA|GG|TT|CC|CC|GG|AA|GG|AA|GG|CC|GG|AA|GG|GG|CC|CC","1","2H:580550249"
"140","G238",22.04493,"AA|CC|TT|GG|GG|CC|AA|CC|AA|CC|TT|GG|AA|AA|TT|TT|GG|TT|AA|GG|TT|CC|CC|GG|AA|GG|AA|GG|CC|GG|AA|GG|GG|CC|CC","1","2H:580550249"
"141","G239",20.94633,"AA|CC|TT|GG|GG|CC|AA|CC|AA|CC|TT|GG|AA|AA|TT|TT|GG|TT|AA|GG|TT|CC|CC|GG|AA|GG|AA|GG|CC|GG|AA|GG|GG|CC|CC","1","2H:580550249"
"142","G254",22.87899,"AA|CC|TT|GG|GG|CC|AA|CC|AA|CC|TT|GG|AA|AA|TT|TT|GG|TT|AA|GG|TT|CC|CC|GG|AA|GG|AA|GG|CC|GG|AA|GG|GG|CC|CC","1","2H:580550249"
"143","G284",24.18164,"AA|CC|TT|GG|GG|CC|AA|CC|AA|CC|TT|GG|AA|AA|TT|TT|GG|TT|AA|GG|TT|CC|CC|GG|AA|GG|AA|GG|CC|GG|AA|GG|GG|CC|CC","1","2H:580550249"
"144","G285",22.98508,"AA|CC|TT|GG|GG|CC|AA|CC|AA|CC|TT|GG|AA|AA|TT|TT|GG|TT|AA|GG|TT|CC|CC|GG|AA|GG|AA|GG|CC|GG|AA|GG|GG|CC|CC","1","2H:580550249"
"145","G289",20.63683,"AA|CC|TT|GG|GG|CC|AA|CC|AA|CC|TT|GG|AA|AA|TT|TT|GG|TT|AA|GG|TT|CC|CC|GG|AA|GG|AA|GG|CC|GG|AA|GG|GG|CC|CC","1","2H:580550249"
"146","G296",20.96936,"AA|CC|TT|GG|GG|CC|AA|CC|AA|CC|TT|GG|AA|AA|TT|TT|GG|TT|AA|GG|TT|CC|CC|GG|AA|GG|AA|GG|CC|GG|AA|GG|GG|CC|CC","1","2H:580550249"
"147","G300",21.29525,"AA|CC|TT|GG|GG|CC|AA|CC|AA|CC|TT|GG|AA|AA|TT|TT|GG|TT|AA|GG|TT|CC|CC|GG|AA|GG|AA|GG|CC|GG|AA|GG|GG|CC|CC","1","2H:580550249"
"148","G305",19.64234,"AA|CC|TT|GG|GG|CC|AA|CC|AA|CC|TT|GG|AA|AA|TT|TT|GG|TT|AA|GG|TT|CC|CC|GG|AA|GG|AA|GG|CC|GG|AA|GG|GG|CC|CC","1","2H:580550249"
"149","G311",25.42234,"AA|CC|TT|GG|GG|CC|AA|CC|AA|CC|TT|GG|AA|AA|TT|TT|GG|TT|AA|GG|TT|CC|CC|GG|AA|GG|AA|GG|CC|GG|AA|GG|GG|CC|CC","1","2H:580550249"
"150","G312",19.11717,"AA|CC|TT|GG|GG|CC|AA|CC|AA|CC|TT|GG|AA|AA|TT|TT|GG|TT|AA|GG|TT|CC|CC|GG|AA|GG|AA|GG|CC|GG|AA|GG|GG|CC|CC","1","2H:580550249"
"151","G313",21.71683,"AA|CC|TT|GG|GG|CC|AA|CC|AA|CC|TT|GG|AA|AA|TT|TT|GG|TT|AA|GG|TT|CC|CC|GG|AA|GG|AA|GG|CC|GG|AA|GG|GG|CC|CC","1","2H:580550249"
"152","G315",23.40745,"AA|CC|TT|GG|GG|CC|AA|CC|AA|CC|TT|GG|AA|AA|TT|TT|GG|TT|AA|GG|TT|CC|CC|GG|AA|GG|AA|GG|CC|GG|AA|GG|GG|CC|CC","1","2H:580550249"
"153","G2",23.07877,"GG|AA|CC|CC|CC|TT|TT|AA|AA|TT|CC|GG|AA|GG|TT|TT|GG|TT|GG|GG|TT|CC|GG|AA|AA|AA|AA|CC|CC|AA|GG|GG|AA|CC|CC","2","2H:580550249"
"154","G7",22.96829,"GG|AA|CC|CC|CC|TT|TT|AA|AA|TT|CC|GG|AA|GG|TT|TT|GG|TT|GG|GG|TT|CC|GG|AA|AA|AA|AA|CC|CC|AA|GG|GG|AA|CC|CC","2","2H:580550249"
"155","G12",21.53395,"GG|AA|CC|CC|CC|TT|TT|AA|AA|TT|CC|GG|AA|GG|TT|TT|GG|TT|GG|GG|TT|CC|GG|AA|AA|AA|AA|CC|CC|AA|GG|GG|AA|CC|CC","2","2H:580550249"
"156","G21",22.09289,"GG|AA|CC|CC|CC|TT|TT|AA|AA|TT|CC|GG|AA|GG|TT|TT|GG|TT|GG|GG|TT|CC|GG|AA|AA|AA|AA|CC|CC|AA|GG|GG|AA|CC|CC","2","2H:580550249"
"157","G37",23.11009,"GG|AA|CC|CC|CC|TT|TT|AA|AA|TT|CC|GG|AA|GG|TT|TT|GG|TT|GG|GG|TT|CC|GG|AA|AA|AA|AA|CC|CC|AA|GG|GG|AA|CC|CC","2","2H:580550249"
"158","G42",22.38259,"GG|AA|CC|CC|CC|TT|TT|AA|AA|TT|CC|GG|AA|GG|TT|TT|GG|TT|GG|GG|TT|CC|GG|AA|AA|AA|AA|CC|CC|AA|GG|GG|AA|CC|CC","2","2H:580550249"
"159","G50",21.20548,"GG|AA|CC|CC|CC|TT|TT|AA|AA|TT|CC|GG|AA|GG|TT|TT|GG|TT|GG|GG|TT|CC|GG|AA|AA|AA|AA|CC|CC|AA|GG|GG|AA|CC|CC","2","2H:580550249"
"160","G63",23.46048,"GG|AA|CC|CC|CC|TT|TT|AA|AA|TT|CC|GG|AA|GG|TT|TT|GG|TT|GG|GG|TT|CC|GG|AA|AA|AA|AA|CC|CC|AA|GG|GG|AA|CC|CC","2","2H:580550249"
"161","G69",21.72851,"GG|AA|CC|CC|CC|TT|TT|AA|AA|TT|CC|GG|AA|GG|TT|TT|GG|TT|GG|GG|TT|CC|GG|AA|AA|AA|AA|CC|CC|AA|GG|GG|AA|CC|CC","2","2H:580550249"
"162","G70",21.92482,"GG|AA|CC|CC|CC|TT|TT|AA|AA|TT|CC|GG|AA|GG|TT|TT|GG|TT|GG|GG|TT|CC|GG|AA|AA|AA|AA|CC|CC|AA|GG|GG|AA|CC|CC","2","2H:580550249"
"163","G73",23.01956,"GG|AA|CC|CC|CC|TT|TT|AA|AA|TT|CC|GG|AA|GG|TT|TT|GG|TT|GG|GG|TT|CC|GG|AA|AA|AA|AA|CC|CC|AA|GG|GG|AA|CC|CC","2","2H:580550249"
"164","G76",20.81473,"GG|AA|CC|CC|CC|TT|TT|AA|AA|TT|CC|GG|AA|GG|TT|TT|GG|TT|GG|GG|TT|CC|GG|AA|AA|AA|AA|CC|CC|AA|GG|GG|AA|CC|CC","2","2H:580550249"
"165","G81",23.4355,"GG|AA|CC|CC|CC|TT|TT|AA|AA|TT|CC|GG|AA|GG|TT|TT|GG|TT|GG|GG|TT|CC|GG|AA|AA|AA|AA|CC|CC|AA|GG|GG|AA|CC|CC","2","2H:580550249"
"166","G82",23.11905,"GG|AA|CC|CC|CC|TT|TT|AA|AA|TT|CC|GG|AA|GG|TT|TT|GG|TT|GG|GG|TT|CC|GG|AA|AA|AA|AA|CC|CC|AA|GG|GG|AA|CC|CC","2","2H:580550249"
"167","G84",22.72886,"GG|AA|CC|CC|CC|TT|TT|AA|AA|TT|CC|GG|AA|GG|TT|TT|GG|TT|GG|GG|TT|CC|GG|AA|AA|AA|AA|CC|CC|AA|GG|GG|AA|CC|CC","2","2H:580550249"
"168","G89",23.73216,"GG|AA|CC|CC|CC|TT|TT|AA|AA|TT|CC|GG|AA|GG|TT|TT|GG|TT|GG|GG|TT|CC|GG|AA|AA|AA|AA|CC|CC|AA|GG|GG|AA|CC|CC","2","2H:580550249"
"169","G92",25.67942,"GG|AA|CC|CC|CC|TT|TT|AA|AA|TT|CC|GG|AA|GG|TT|TT|GG|TT|GG|GG|TT|CC|GG|AA|AA|AA|AA|CC|CC|AA|GG|GG|AA|CC|CC","2","2H:580550249"
"170","G93",24.31245,"GG|AA|CC|CC|CC|TT|TT|AA|AA|TT|CC|GG|AA|GG|TT|TT|GG|TT|GG|GG|TT|CC|GG|AA|AA|AA|AA|CC|CC|AA|GG|GG|AA|CC|CC","2","2H:580550249"
"171","G96",21.89628,"GG|AA|CC|CC|CC|TT|TT|AA|AA|TT|CC|GG|AA|GG|TT|TT|GG|TT|GG|GG|TT|CC|GG|AA|AA|AA|AA|CC|CC|AA|GG|GG|AA|CC|CC","2","2H:580550249"
"172","G97",22.56709,"GG|AA|CC|CC|CC|TT|TT|AA|AA|TT|CC|GG|AA|GG|TT|TT|GG|TT|GG|GG|TT|CC|GG|AA|AA|AA|AA|CC|CC|AA|GG|GG|AA|CC|CC","2","2H:580550249"
"173","G109",24.34794,"GG|AA|CC|CC|CC|TT|TT|AA|AA|TT|CC|GG|AA|GG|TT|TT|GG|TT|GG|GG|TT|CC|GG|AA|AA|AA|AA|CC|CC|AA|GG|GG|AA|CC|CC","2","2H:580550249"
"174","G123",21.25745,"GG|AA|CC|CC|CC|TT|TT|AA|AA|TT|CC|GG|AA|GG|TT|TT|GG|TT|GG|GG|TT|CC|GG|AA|AA|AA|AA|CC|CC|AA|GG|GG|AA|CC|CC","2","2H:580550249"
"175","G127",22.29944,"GG|AA|CC|CC|CC|TT|TT|AA|AA|TT|CC|GG|AA|GG|TT|TT|GG|TT|GG|GG|TT|CC|GG|AA|AA|AA|AA|CC|CC|AA|GG|GG|AA|CC|CC","2","2H:580550249"
"176","G131",24.20781,"GG|AA|CC|CC|CC|TT|TT|AA|AA|TT|CC|GG|AA|GG|TT|TT|GG|TT|GG|GG|TT|CC|GG|AA|AA|AA|AA|CC|CC|AA|GG|GG|AA|CC|CC","2","2H:580550249"
"177","G136",21.66202,"GG|AA|CC|CC|CC|TT|TT|AA|AA|TT|CC|GG|AA|GG|TT|TT|GG|TT|GG|GG|TT|CC|GG|AA|AA|AA|AA|CC|CC|AA|GG|GG|AA|CC|CC","2","2H:580550249"
"178","G137",23.88939,"GG|AA|CC|CC|CC|TT|TT|AA|AA|TT|CC|GG|AA|GG|TT|TT|GG|TT|GG|GG|TT|CC|GG|AA|AA|AA|AA|CC|CC|AA|GG|GG|AA|CC|CC","2","2H:580550249"
"179","G138",21.29375,"GG|AA|CC|CC|CC|TT|TT|AA|AA|TT|CC|GG|AA|GG|TT|TT|GG|TT|GG|GG|TT|CC|GG|AA|AA|AA|AA|CC|CC|AA|GG|GG|AA|CC|CC","2","2H:580550249"
"180","G140",22.3628,"GG|AA|CC|CC|CC|TT|TT|AA|AA|TT|CC|GG|AA|GG|TT|TT|GG|TT|GG|GG|TT|CC|GG|AA|AA|AA|AA|CC|CC|AA|GG|GG|AA|CC|CC","2","2H:580550249"
"181","G141",22.81762,"GG|AA|CC|CC|CC|TT|TT|AA|AA|TT|CC|GG|AA|GG|TT|TT|GG|TT|GG|GG|TT|CC|GG|AA|AA|AA|AA|CC|CC|AA|GG|GG|AA|CC|CC","2","2H:580550249"
"182","G146",21.61163,"GG|AA|CC|CC|CC|TT|TT|AA|AA|TT|CC|GG|AA|GG|TT|TT|GG|TT|GG|GG|TT|CC|GG|AA|AA|AA|AA|CC|CC|AA|GG|GG|AA|CC|CC","2","2H:580550249"
"183","G147",23.6875,"GG|AA|CC|CC|CC|TT|TT|AA|AA|TT|CC|GG|AA|GG|TT|TT|GG|TT|GG|GG|TT|CC|GG|AA|AA|AA|AA|CC|CC|AA|GG|GG|AA|CC|CC","2","2H:580550249"
"184","G149",21.41569,"GG|AA|CC|CC|CC|TT|TT|AA|AA|TT|CC|GG|AA|GG|TT|TT|GG|TT|GG|GG|TT|CC|GG|AA|AA|AA|AA|CC|CC|AA|GG|GG|AA|CC|CC","2","2H:580550249"
"185","G150",23.14237,"GG|AA|CC|CC|CC|TT|TT|AA|AA|TT|CC|GG|AA|GG|TT|TT|GG|TT|GG|GG|TT|CC|GG|AA|AA|AA|AA|CC|CC|AA|GG|GG|AA|CC|CC","2","2H:580550249"
"186","G154",28.27727,"GG|AA|CC|CC|CC|TT|TT|AA|AA|TT|CC|GG|AA|GG|TT|TT|GG|TT|GG|GG|TT|CC|GG|AA|AA|AA|AA|CC|CC|AA|GG|GG|AA|CC|CC","2","2H:580550249"
"187","G156",24.09634,"GG|AA|CC|CC|CC|TT|TT|AA|AA|TT|CC|GG|AA|GG|TT|TT|GG|TT|GG|GG|TT|CC|GG|AA|AA|AA|AA|CC|CC|AA|GG|GG|AA|CC|CC","2","2H:580550249"
"188","G204",19.93747,"GG|AA|CC|CC|CC|TT|TT|AA|AA|TT|CC|GG|AA|GG|TT|TT|GG|TT|GG|GG|TT|CC|GG|AA|AA|AA|AA|CC|CC|AA|GG|GG|AA|CC|CC","2","2H:580550249"
"189","G220",23.01147,"GG|AA|CC|CC|CC|TT|TT|AA|AA|TT|CC|GG|AA|GG|TT|TT|GG|TT|GG|GG|TT|CC|GG|AA|AA|AA|AA|CC|CC|AA|GG|GG|AA|CC|CC","2","2H:580550249"
"190","G235",23.44093,"GG|AA|CC|CC|CC|TT|TT|AA|AA|TT|CC|GG|AA|GG|TT|TT|GG|TT|GG|GG|TT|CC|GG|AA|AA|AA|AA|CC|CC|AA|GG|GG|AA|CC|CC","2","2H:580550249"
"191","G240",21.16432,"GG|AA|CC|CC|CC|TT|TT|AA|AA|TT|CC|GG|AA|GG|TT|TT|GG|TT|GG|GG|TT|CC|GG|AA|AA|AA|AA|CC|CC|AA|GG|GG|AA|CC|CC","2","2H:580550249"
"192","G241",18.63539,"GG|AA|CC|CC|CC|TT|TT|AA|AA|TT|CC|GG|AA|GG|TT|TT|GG|TT|GG|GG|TT|CC|GG|AA|AA|AA|AA|CC|CC|AA|GG|GG|AA|CC|CC","2","2H:580550249"
"193","G242",21.37174,"GG|AA|CC|CC|CC|TT|TT|AA|AA|TT|CC|GG|AA|GG|TT|TT|GG|TT|GG|GG|TT|CC|GG|AA|AA|AA|AA|CC|CC|AA|GG|GG|AA|CC|CC","2","2H:580550249"
"194","G243",21.70276,"GG|AA|CC|CC|CC|TT|TT|AA|AA|TT|CC|GG|AA|GG|TT|TT|GG|TT|GG|GG|TT|CC|GG|AA|AA|AA|AA|CC|CC|AA|GG|GG|AA|CC|CC","2","2H:580550249"
"195","G245",21.2911,"GG|AA|CC|CC|CC|TT|TT|AA|AA|TT|CC|GG|AA|GG|TT|TT|GG|TT|GG|GG|TT|CC|GG|AA|AA|AA|AA|CC|CC|AA|GG|GG|AA|CC|CC","2","2H:580550249"
"196","G247",24.3878,"GG|AA|CC|CC|CC|TT|TT|AA|AA|TT|CC|GG|AA|GG|TT|TT|GG|TT|GG|GG|TT|CC|GG|AA|AA|AA|AA|CC|CC|AA|GG|GG|AA|CC|CC","2","2H:580550249"
"197","G249",19.68853,"GG|AA|CC|CC|CC|TT|TT|AA|AA|TT|CC|GG|AA|GG|TT|TT|GG|TT|GG|GG|TT|CC|GG|AA|AA|AA|AA|CC|CC|AA|GG|GG|AA|CC|CC","2","2H:580550249"
"198","G252",22.08283,"GG|AA|CC|CC|CC|TT|TT|AA|AA|TT|CC|GG|AA|GG|TT|TT|GG|TT|GG|GG|TT|CC|GG|AA|AA|AA|AA|CC|CC|AA|GG|GG|AA|CC|CC","2","2H:580550249"
"199","G257",20.01306,"GG|AA|CC|CC|CC|TT|TT|AA|AA|TT|CC|GG|AA|GG|TT|TT|GG|TT|GG|GG|TT|CC|GG|AA|AA|AA|AA|CC|CC|AA|GG|GG|AA|CC|CC","2","2H:580550249"
"200","G258",20.5718,"GG|AA|CC|CC|CC|TT|TT|AA|AA|TT|CC|GG|AA|GG|TT|TT|GG|TT|GG|GG|TT|CC|GG|AA|AA|AA|AA|CC|CC|AA|GG|GG|AA|CC|CC","2","2H:580550249"
"201","G278",24.43277,"GG|AA|CC|CC|CC|TT|TT|AA|AA|TT|CC|GG|AA|GG|TT|TT|GG|TT|GG|GG|TT|CC|GG|AA|AA|AA|AA|CC|CC|AA|GG|GG|AA|CC|CC","2","2H:580550249"
"202","G308",23.62506,"GG|AA|CC|CC|CC|TT|TT|AA|AA|TT|CC|GG|AA|GG|TT|TT|GG|TT|GG|GG|TT|CC|GG|AA|AA|AA|AA|CC|CC|AA|GG|GG|AA|CC|CC","2","2H:580550249"
"203","G1",22.72177,"AA|CC|TT|GG|AA|AA|TT|TT|GG|TT|AA|GG|TT|CC|CC|GG|AA|GG|AA|GG|CC|GG|AA|GG|GG|CC|CC|TT|GG|GG|TT|GG|TT","1","2H:581003787"
"204","G13",19.26368,"AA|CC|TT|GG|AA|AA|TT|TT|GG|TT|AA|GG|TT|CC|CC|GG|AA|GG|AA|GG|CC|GG|AA|GG|GG|CC|CC|TT|GG|GG|TT|GG|TT","1","2H:581003787"
"205","G15",17.48008,"AA|CC|TT|GG|AA|AA|TT|TT|GG|TT|AA|GG|TT|CC|CC|GG|AA|GG|AA|GG|CC|GG|AA|GG|GG|CC|CC|TT|GG|GG|TT|GG|TT","1","2H:581003787"
"206","G19",22.16574,"AA|CC|TT|GG|AA|AA|TT|TT|GG|TT|AA|GG|TT|CC|CC|GG|AA|GG|AA|GG|CC|GG|AA|GG|GG|CC|CC|TT|GG|GG|TT|GG|TT","1","2H:581003787"
"207","G24",23.31557,"AA|CC|TT|GG|AA|AA|TT|TT|GG|TT|AA|GG|TT|CC|CC|GG|AA|GG|AA|GG|CC|GG|AA|GG|GG|CC|CC|TT|GG|GG|TT|GG|TT","1","2H:581003787"
"208","G26",24.30342,"AA|CC|TT|GG|AA|AA|TT|TT|GG|TT|AA|GG|TT|CC|CC|GG|AA|GG|AA|GG|CC|GG|AA|GG|GG|CC|CC|TT|GG|GG|TT|GG|TT","1","2H:581003787"
"209","G28",25.55364,"AA|CC|TT|GG|AA|AA|TT|TT|GG|TT|AA|GG|TT|CC|CC|GG|AA|GG|AA|GG|CC|GG|AA|GG|GG|CC|CC|TT|GG|GG|TT|GG|TT","1","2H:581003787"
"210","G33",21.50603,"AA|CC|TT|GG|AA|AA|TT|TT|GG|TT|AA|GG|TT|CC|CC|GG|AA|GG|AA|GG|CC|GG|AA|GG|GG|CC|CC|TT|GG|GG|TT|GG|TT","1","2H:581003787"
"211","G35",21.7006,"AA|CC|TT|GG|AA|AA|TT|TT|GG|TT|AA|GG|TT|CC|CC|GG|AA|GG|AA|GG|CC|GG|AA|GG|GG|CC|CC|TT|GG|GG|TT|GG|TT","1","2H:581003787"
"212","G36",24.94855,"AA|CC|TT|GG|AA|AA|TT|TT|GG|TT|AA|GG|TT|CC|CC|GG|AA|GG|AA|GG|CC|GG|AA|GG|GG|CC|CC|TT|GG|GG|TT|GG|TT","1","2H:581003787"
"213","G40",21.69324,"AA|CC|TT|GG|AA|AA|TT|TT|GG|TT|AA|GG|TT|CC|CC|GG|AA|GG|AA|GG|CC|GG|AA|GG|GG|CC|CC|TT|GG|GG|TT|GG|TT","1","2H:581003787"
"214","G47",23.70208,"AA|CC|TT|GG|AA|AA|TT|TT|GG|TT|AA|GG|TT|CC|CC|GG|AA|GG|AA|GG|CC|GG|AA|GG|GG|CC|CC|TT|GG|GG|TT|GG|TT","1","2H:581003787"
"215","G56",20.81844,"AA|CC|TT|GG|AA|AA|TT|TT|GG|TT|AA|GG|TT|CC|CC|GG|AA|GG|AA|GG|CC|GG|AA|GG|GG|CC|CC|TT|GG|GG|TT|GG|TT","1","2H:581003787"
"216","G65",23.85477,"AA|CC|TT|GG|AA|AA|TT|TT|GG|TT|AA|GG|TT|CC|CC|GG|AA|GG|AA|GG|CC|GG|AA|GG|GG|CC|CC|TT|GG|GG|TT|GG|TT","1","2H:581003787"
"217","G66",24.01184,"AA|CC|TT|GG|AA|AA|TT|TT|GG|TT|AA|GG|TT|CC|CC|GG|AA|GG|AA|GG|CC|GG|AA|GG|GG|CC|CC|TT|GG|GG|TT|GG|TT","1","2H:581003787"
"218","G71",18.35576,"AA|CC|TT|GG|AA|AA|TT|TT|GG|TT|AA|GG|TT|CC|CC|GG|AA|GG|AA|GG|CC|GG|AA|GG|GG|CC|CC|TT|GG|GG|TT|GG|TT","1","2H:581003787"
"219","G86",22.96864,"AA|CC|TT|GG|AA|AA|TT|TT|GG|TT|AA|GG|TT|CC|CC|GG|AA|GG|AA|GG|CC|GG|AA|GG|GG|CC|CC|TT|GG|GG|TT|GG|TT","1","2H:581003787"
"220","G94",24.81785,"AA|CC|TT|GG|AA|AA|TT|TT|GG|TT|AA|GG|TT|CC|CC|GG|AA|GG|AA|GG|CC|GG|AA|GG|GG|CC|CC|TT|GG|GG|TT|GG|TT","1","2H:581003787"
"221","G119",20.06586,"AA|CC|TT|GG|AA|AA|TT|TT|GG|TT|AA|GG|TT|CC|CC|GG|AA|GG|AA|GG|CC|GG|AA|GG|GG|CC|CC|TT|GG|GG|TT|GG|TT","1","2H:581003787"
"222","G121",23.13077,"AA|CC|TT|GG|AA|AA|TT|TT|GG|TT|AA|GG|TT|CC|CC|GG|AA|GG|AA|GG|CC|GG|AA|GG|GG|CC|CC|TT|GG|GG|TT|GG|TT","1","2H:581003787"
"223","G122",20.91659,"AA|CC|TT|GG|AA|AA|TT|TT|GG|TT|AA|GG|TT|CC|CC|GG|AA|GG|AA|GG|CC|GG|AA|GG|GG|CC|CC|TT|GG|GG|TT|GG|TT","1","2H:581003787"
"224","G145",20.38281,"AA|CC|TT|GG|AA|AA|TT|TT|GG|TT|AA|GG|TT|CC|CC|GG|AA|GG|AA|GG|CC|GG|AA|GG|GG|CC|CC|TT|GG|GG|TT|GG|TT","1","2H:581003787"
"225","G159",20.80584,"AA|CC|TT|GG|AA|AA|TT|TT|GG|TT|AA|GG|TT|CC|CC|GG|AA|GG|AA|GG|CC|GG|AA|GG|GG|CC|CC|TT|GG|GG|TT|GG|TT","1","2H:581003787"
"226","G162",22.85653,"AA|CC|TT|GG|AA|AA|TT|TT|GG|TT|AA|GG|TT|CC|CC|GG|AA|GG|AA|GG|CC|GG|AA|GG|GG|CC|CC|TT|GG|GG|TT|GG|TT","1","2H:581003787"
"227","G166",24.44135,"AA|CC|TT|GG|AA|AA|TT|TT|GG|TT|AA|GG|TT|CC|CC|GG|AA|GG|AA|GG|CC|GG|AA|GG|GG|CC|CC|TT|GG|GG|TT|GG|TT","1","2H:581003787"
"228","G169",19.99307,"AA|CC|TT|GG|AA|AA|TT|TT|GG|TT|AA|GG|TT|CC|CC|GG|AA|GG|AA|GG|CC|GG|AA|GG|GG|CC|CC|TT|GG|GG|TT|GG|TT","1","2H:581003787"
"229","G171",18.1033,"AA|CC|TT|GG|AA|AA|TT|TT|GG|TT|AA|GG|TT|CC|CC|GG|AA|GG|AA|GG|CC|GG|AA|GG|GG|CC|CC|TT|GG|GG|TT|GG|TT","1","2H:581003787"
"230","G179",18.07656,"AA|CC|TT|GG|AA|AA|TT|TT|GG|TT|AA|GG|TT|CC|CC|GG|AA|GG|AA|GG|CC|GG|AA|GG|GG|CC|CC|TT|GG|GG|TT|GG|TT","1","2H:581003787"
"231","G188",21.37451,"AA|CC|TT|GG|AA|AA|TT|TT|GG|TT|AA|GG|TT|CC|CC|GG|AA|GG|AA|GG|CC|GG|AA|GG|GG|CC|CC|TT|GG|GG|TT|GG|TT","1","2H:581003787"
"232","G190",19.85955,"AA|CC|TT|GG|AA|AA|TT|TT|GG|TT|AA|GG|TT|CC|CC|GG|AA|GG|AA|GG|CC|GG|AA|GG|GG|CC|CC|TT|GG|GG|TT|GG|TT","1","2H:581003787"
"233","G192",23.36046,"AA|CC|TT|GG|AA|AA|TT|TT|GG|TT|AA|GG|TT|CC|CC|GG|AA|GG|AA|GG|CC|GG|AA|GG|GG|CC|CC|TT|GG|GG|TT|GG|TT","1","2H:581003787"
"234","G194",23.76612,"AA|CC|TT|GG|AA|AA|TT|TT|GG|TT|AA|GG|TT|CC|CC|GG|AA|GG|AA|GG|CC|GG|AA|GG|GG|CC|CC|TT|GG|GG|TT|GG|TT","1","2H:581003787"
"235","G195",21.00274,"AA|CC|TT|GG|AA|AA|TT|TT|GG|TT|AA|GG|TT|CC|CC|GG|AA|GG|AA|GG|CC|GG|AA|GG|GG|CC|CC|TT|GG|GG|TT|GG|TT","1","2H:581003787"
"236","G196",20.76239,"AA|CC|TT|GG|AA|AA|TT|TT|GG|TT|AA|GG|TT|CC|CC|GG|AA|GG|AA|GG|CC|GG|AA|GG|GG|CC|CC|TT|GG|GG|TT|GG|TT","1","2H:581003787"
"237","G198",21.64197,"AA|CC|TT|GG|AA|AA|TT|TT|GG|TT|AA|GG|TT|CC|CC|GG|AA|GG|AA|GG|CC|GG|AA|GG|GG|CC|CC|TT|GG|GG|TT|GG|TT","1","2H:581003787"
"238","G200",21.84498,"AA|CC|TT|GG|AA|AA|TT|TT|GG|TT|AA|GG|TT|CC|CC|GG|AA|GG|AA|GG|CC|GG|AA|GG|GG|CC|CC|TT|GG|GG|TT|GG|TT","1","2H:581003787"
"239","G203",18.58091,"AA|CC|TT|GG|AA|AA|TT|TT|GG|TT|AA|GG|TT|CC|CC|GG|AA|GG|AA|GG|CC|GG|AA|GG|GG|CC|CC|TT|GG|GG|TT|GG|TT","1","2H:581003787"
"240","G206",21.31375,"AA|CC|TT|GG|AA|AA|TT|TT|GG|TT|AA|GG|TT|CC|CC|GG|AA|GG|AA|GG|CC|GG|AA|GG|GG|CC|CC|TT|GG|GG|TT|GG|TT","1","2H:581003787"
"241","G208",22.49594,"AA|CC|TT|GG|AA|AA|TT|TT|GG|TT|AA|GG|TT|CC|CC|GG|AA|GG|AA|GG|CC|GG|AA|GG|GG|CC|CC|TT|GG|GG|TT|GG|TT","1","2H:581003787"
"242","G212",22.00162,"AA|CC|TT|GG|AA|AA|TT|TT|GG|TT|AA|GG|TT|CC|CC|GG|AA|GG|AA|GG|CC|GG|AA|GG|GG|CC|CC|TT|GG|GG|TT|GG|TT","1","2H:581003787"
"243","G213",22.76205,"AA|CC|TT|GG|AA|AA|TT|TT|GG|TT|AA|GG|TT|CC|CC|GG|AA|GG|AA|GG|CC|GG|AA|GG|GG|CC|CC|TT|GG|GG|TT|GG|TT","1","2H:581003787"
"244","G214",22.66022,"AA|CC|TT|GG|AA|AA|TT|TT|GG|TT|AA|GG|TT|CC|CC|GG|AA|GG|AA|GG|CC|GG|AA|GG|GG|CC|CC|TT|GG|GG|TT|GG|TT","1","2H:581003787"
"245","G218",21.11602,"AA|CC|TT|GG|AA|AA|TT|TT|GG|TT|AA|GG|TT|CC|CC|GG|AA|GG|AA|GG|CC|GG|AA|GG|GG|CC|CC|TT|GG|GG|TT|GG|TT","1","2H:581003787"
"246","G225",22.83821,"AA|CC|TT|GG|AA|AA|TT|TT|GG|TT|AA|GG|TT|CC|CC|GG|AA|GG|AA|GG|CC|GG|AA|GG|GG|CC|CC|TT|GG|GG|TT|GG|TT","1","2H:581003787"
"247","G226",24.0162,"AA|CC|TT|GG|AA|AA|TT|TT|GG|TT|AA|GG|TT|CC|CC|GG|AA|GG|AA|GG|CC|GG|AA|GG|GG|CC|CC|TT|GG|GG|TT|GG|TT","1","2H:581003787"
"248","G236",24.69329,"AA|CC|TT|GG|AA|AA|TT|TT|GG|TT|AA|GG|TT|CC|CC|GG|AA|GG|AA|GG|CC|GG|AA|GG|GG|CC|CC|TT|GG|GG|TT|GG|TT","1","2H:581003787"
"249","G237",19.85151,"AA|CC|TT|GG|AA|AA|TT|TT|GG|TT|AA|GG|TT|CC|CC|GG|AA|GG|AA|GG|CC|GG|AA|GG|GG|CC|CC|TT|GG|GG|TT|GG|TT","1","2H:581003787"
"250","G238",22.04493,"AA|CC|TT|GG|AA|AA|TT|TT|GG|TT|AA|GG|TT|CC|CC|GG|AA|GG|AA|GG|CC|GG|AA|GG|GG|CC|CC|TT|GG|GG|TT|GG|TT","1","2H:581003787"
"251","G239",20.94633,"AA|CC|TT|GG|AA|AA|TT|TT|GG|TT|AA|GG|TT|CC|CC|GG|AA|GG|AA|GG|CC|GG|AA|GG|GG|CC|CC|TT|GG|GG|TT|GG|TT","1","2H:581003787"
"252","G254",22.87899,"AA|CC|TT|GG|AA|AA|TT|TT|GG|TT|AA|GG|TT|CC|CC|GG|AA|GG|AA|GG|CC|GG|AA|GG|GG|CC|CC|TT|GG|GG|TT|GG|TT","1","2H:581003787"
"253","G284",24.18164,"AA|CC|TT|GG|AA|AA|TT|TT|GG|TT|AA|GG|TT|CC|CC|GG|AA|GG|AA|GG|CC|GG|AA|GG|GG|CC|CC|TT|GG|GG|TT|GG|TT","1","2H:581003787"
"254","G285",22.98508,"AA|CC|TT|GG|AA|AA|TT|TT|GG|TT|AA|GG|TT|CC|CC|GG|AA|GG|AA|GG|CC|GG|AA|GG|GG|CC|CC|TT|GG|GG|TT|GG|TT","1","2H:581003787"
"255","G288",26.69294,"AA|CC|TT|GG|AA|AA|TT|TT|GG|TT|AA|GG|TT|CC|CC|GG|AA|GG|AA|GG|CC|GG|AA|GG|GG|CC|CC|TT|GG|GG|TT|GG|TT","1","2H:581003787"
"256","G289",20.63683,"AA|CC|TT|GG|AA|AA|TT|TT|GG|TT|AA|GG|TT|CC|CC|GG|AA|GG|AA|GG|CC|GG|AA|GG|GG|CC|CC|TT|GG|GG|TT|GG|TT","1","2H:581003787"
"257","G293",25.37291,"AA|CC|TT|GG|AA|AA|TT|TT|GG|TT|AA|GG|TT|CC|CC|GG|AA|GG|AA|GG|CC|GG|AA|GG|GG|CC|CC|TT|GG|GG|TT|GG|TT","1","2H:581003787"
"258","G296",20.96936,"AA|CC|TT|GG|AA|AA|TT|TT|GG|TT|AA|GG|TT|CC|CC|GG|AA|GG|AA|GG|CC|GG|AA|GG|GG|CC|CC|TT|GG|GG|TT|GG|TT","1","2H:581003787"
"259","G305",19.64234,"AA|CC|TT|GG|AA|AA|TT|TT|GG|TT|AA|GG|TT|CC|CC|GG|AA|GG|AA|GG|CC|GG|AA|GG|GG|CC|CC|TT|GG|GG|TT|GG|TT","1","2H:581003787"
"260","G311",25.42234,"AA|CC|TT|GG|AA|AA|TT|TT|GG|TT|AA|GG|TT|CC|CC|GG|AA|GG|AA|GG|CC|GG|AA|GG|GG|CC|CC|TT|GG|GG|TT|GG|TT","1","2H:581003787"
"261","G312",19.11717,"AA|CC|TT|GG|AA|AA|TT|TT|GG|TT|AA|GG|TT|CC|CC|GG|AA|GG|AA|GG|CC|GG|AA|GG|GG|CC|CC|TT|GG|GG|TT|GG|TT","1","2H:581003787"
"262","G313",21.71683,"AA|CC|TT|GG|AA|AA|TT|TT|GG|TT|AA|GG|TT|CC|CC|GG|AA|GG|AA|GG|CC|GG|AA|GG|GG|CC|CC|TT|GG|GG|TT|GG|TT","1","2H:581003787"
"263","G315",23.40745,"AA|CC|TT|GG|AA|AA|TT|TT|GG|TT|AA|GG|TT|CC|CC|GG|AA|GG|AA|GG|CC|GG|AA|GG|GG|CC|CC|TT|GG|GG|TT|GG|TT","1","2H:581003787"
"264","G317",15.57887,"AA|CC|TT|GG|AA|AA|TT|TT|GG|TT|AA|GG|TT|CC|CC|GG|AA|GG|AA|GG|CC|GG|AA|GG|GG|CC|CC|TT|GG|GG|TT|GG|TT","1","2H:581003787"
"265","G2",23.07877,"AA|TT|CC|GG|AA|GG|TT|TT|GG|TT|GG|GG|TT|CC|GG|AA|AA|AA|AA|CC|CC|AA|GG|GG|AA|CC|CC|TT|CC|GG|AA|GG|AA","2","2H:581003787"
"266","G7",22.96829,"AA|TT|CC|GG|AA|GG|TT|TT|GG|TT|GG|GG|TT|CC|GG|AA|AA|AA|AA|CC|CC|AA|GG|GG|AA|CC|CC|TT|CC|GG|AA|GG|AA","2","2H:581003787"
"267","G12",21.53395,"AA|TT|CC|GG|AA|GG|TT|TT|GG|TT|GG|GG|TT|CC|GG|AA|AA|AA|AA|CC|CC|AA|GG|GG|AA|CC|CC|TT|CC|GG|AA|GG|AA","2","2H:581003787"
"268","G21",22.09289,"AA|TT|CC|GG|AA|GG|TT|TT|GG|TT|GG|GG|TT|CC|GG|AA|AA|AA|AA|CC|CC|AA|GG|GG|AA|CC|CC|TT|CC|GG|AA|GG|AA","2","2H:581003787"
"269","G37",23.11009,"AA|TT|CC|GG|AA|GG|TT|TT|GG|TT|GG|GG|TT|CC|GG|AA|AA|AA|AA|CC|CC|AA|GG|GG|AA|CC|CC|TT|CC|GG|AA|GG|AA","2","2H:581003787"
"270","G42",22.38259,"AA|TT|CC|GG|AA|GG|TT|TT|GG|TT|GG|GG|TT|CC|GG|AA|AA|AA|AA|CC|CC|AA|GG|GG|AA|CC|CC|TT|CC|GG|AA|GG|AA","2","2H:581003787"
"271","G50",21.20548,"AA|TT|CC|GG|AA|GG|TT|TT|GG|TT|GG|GG|TT|CC|GG|AA|AA|AA|AA|CC|CC|AA|GG|GG|AA|CC|CC|TT|CC|GG|AA|GG|AA","2","2H:581003787"
"272","G63",23.46048,"AA|TT|CC|GG|AA|GG|TT|TT|GG|TT|GG|GG|TT|CC|GG|AA|AA|AA|AA|CC|CC|AA|GG|GG|AA|CC|CC|TT|CC|GG|AA|GG|AA","2","2H:581003787"
"273","G69",21.72851,"AA|TT|CC|GG|AA|GG|TT|TT|GG|TT|GG|GG|TT|CC|GG|AA|AA|AA|AA|CC|CC|AA|GG|GG|AA|CC|CC|TT|CC|GG|AA|GG|AA","2","2H:581003787"
"274","G73",23.01956,"AA|TT|CC|GG|AA|GG|TT|TT|GG|TT|GG|GG|TT|CC|GG|AA|AA|AA|AA|CC|CC|AA|GG|GG|AA|CC|CC|TT|CC|GG|AA|GG|AA","2","2H:581003787"
"275","G76",20.81473,"AA|TT|CC|GG|AA|GG|TT|TT|GG|TT|GG|GG|TT|CC|GG|AA|AA|AA|AA|CC|CC|AA|GG|GG|AA|CC|CC|TT|CC|GG|AA|GG|AA","2","2H:581003787"
"276","G81",23.4355,"AA|TT|CC|GG|AA|GG|TT|TT|GG|TT|GG|GG|TT|CC|GG|AA|AA|AA|AA|CC|CC|AA|GG|GG|AA|CC|CC|TT|CC|GG|AA|GG|AA","2","2H:581003787"
"277","G82",23.11905,"AA|TT|CC|GG|AA|GG|TT|TT|GG|TT|GG|GG|TT|CC|GG|AA|AA|AA|AA|CC|CC|AA|GG|GG|AA|CC|CC|TT|CC|GG|AA|GG|AA","2","2H:581003787"
"278","G84",22.72886,"AA|TT|CC|GG|AA|GG|TT|TT|GG|TT|GG|GG|TT|CC|GG|AA|AA|AA|AA|CC|CC|AA|GG|GG|AA|CC|CC|TT|CC|GG|AA|GG|AA","2","2H:581003787"
"279","G89",23.73216,"AA|TT|CC|GG|AA|GG|TT|TT|GG|TT|GG|GG|TT|CC|GG|AA|AA|AA|AA|CC|CC|AA|GG|GG|AA|CC|CC|TT|CC|GG|AA|GG|AA","2","2H:581003787"
"280","G92",25.67942,"AA|TT|CC|GG|AA|GG|TT|TT|GG|TT|GG|GG|TT|CC|GG|AA|AA|AA|AA|CC|CC|AA|GG|GG|AA|CC|CC|TT|CC|GG|AA|GG|AA","2","2H:581003787"
"281","G93",24.31245,"AA|TT|CC|GG|AA|GG|TT|TT|GG|TT|GG|GG|TT|CC|GG|AA|AA|AA|AA|CC|CC|AA|GG|GG|AA|CC|CC|TT|CC|GG|AA|GG|AA","2","2H:581003787"
"282","G96",21.89628,"AA|TT|CC|GG|AA|GG|TT|TT|GG|TT|GG|GG|TT|CC|GG|AA|AA|AA|AA|CC|CC|AA|GG|GG|AA|CC|CC|TT|CC|GG|AA|GG|AA","2","2H:581003787"
"283","G97",22.56709,"AA|TT|CC|GG|AA|GG|TT|TT|GG|TT|GG|GG|TT|CC|GG|AA|AA|AA|AA|CC|CC|AA|GG|GG|AA|CC|CC|TT|CC|GG|AA|GG|AA","2","2H:581003787"
"284","G109",24.34794,"AA|TT|CC|GG|AA|GG|TT|TT|GG|TT|GG|GG|TT|CC|GG|AA|AA|AA|AA|CC|CC|AA|GG|GG|AA|CC|CC|TT|CC|GG|AA|GG|AA","2","2H:581003787"
"285","G123",21.25745,"AA|TT|CC|GG|AA|GG|TT|TT|GG|TT|GG|GG|TT|CC|GG|AA|AA|AA|AA|CC|CC|AA|GG|GG|AA|CC|CC|TT|CC|GG|AA|GG|AA","2","2H:581003787"
"286","G127",22.29944,"AA|TT|CC|GG|AA|GG|TT|TT|GG|TT|GG|GG|TT|CC|GG|AA|AA|AA|AA|CC|CC|AA|GG|GG|AA|CC|CC|TT|CC|GG|AA|GG|AA","2","2H:581003787"
"287","G131",24.20781,"AA|TT|CC|GG|AA|GG|TT|TT|GG|TT|GG|GG|TT|CC|GG|AA|AA|AA|AA|CC|CC|AA|GG|GG|AA|CC|CC|TT|CC|GG|AA|GG|AA","2","2H:581003787"
"288","G136",21.66202,"AA|TT|CC|GG|AA|GG|TT|TT|GG|TT|GG|GG|TT|CC|GG|AA|AA|AA|AA|CC|CC|AA|GG|GG|AA|CC|CC|TT|CC|GG|AA|GG|AA","2","2H:581003787"
"289","G137",23.88939,"AA|TT|CC|GG|AA|GG|TT|TT|GG|TT|GG|GG|TT|CC|GG|AA|AA|AA|AA|CC|CC|AA|GG|GG|AA|CC|CC|TT|CC|GG|AA|GG|AA","2","2H:581003787"
"290","G138",21.29375,"AA|TT|CC|GG|AA|GG|TT|TT|GG|TT|GG|GG|TT|CC|GG|AA|AA|AA|AA|CC|CC|AA|GG|GG|AA|CC|CC|TT|CC|GG|AA|GG|AA","2","2H:581003787"
"291","G140",22.3628,"AA|TT|CC|GG|AA|GG|TT|TT|GG|TT|GG|GG|TT|CC|GG|AA|AA|AA|AA|CC|CC|AA|GG|GG|AA|CC|CC|TT|CC|GG|AA|GG|AA","2","2H:581003787"
"292","G141",22.81762,"AA|TT|CC|GG|AA|GG|TT|TT|GG|TT|GG|GG|TT|CC|GG|AA|AA|AA|AA|CC|CC|AA|GG|GG|AA|CC|CC|TT|CC|GG|AA|GG|AA","2","2H:581003787"
"293","G146",21.61163,"AA|TT|CC|GG|AA|GG|TT|TT|GG|TT|GG|GG|TT|CC|GG|AA|AA|AA|AA|CC|CC|AA|GG|GG|AA|CC|CC|TT|CC|GG|AA|GG|AA","2","2H:581003787"
"294","G147",23.6875,"AA|TT|CC|GG|AA|GG|TT|TT|GG|TT|GG|GG|TT|CC|GG|AA|AA|AA|AA|CC|CC|AA|GG|GG|AA|CC|CC|TT|CC|GG|AA|GG|AA","2","2H:581003787"
"295","G149",21.41569,"AA|TT|CC|GG|AA|GG|TT|TT|GG|TT|GG|GG|TT|CC|GG|AA|AA|AA|AA|CC|CC|AA|GG|GG|AA|CC|CC|TT|CC|GG|AA|GG|AA","2","2H:581003787"
"296","G150",23.14237,"AA|TT|CC|GG|AA|GG|TT|TT|GG|TT|GG|GG|TT|CC|GG|AA|AA|AA|AA|CC|CC|AA|GG|GG|AA|CC|CC|TT|CC|GG|AA|GG|AA","2","2H:581003787"
"297","G154",28.27727,"AA|TT|CC|GG|AA|GG|TT|TT|GG|TT|GG|GG|TT|CC|GG|AA|AA|AA|AA|CC|CC|AA|GG|GG|AA|CC|CC|TT|CC|GG|AA|GG|AA","2","2H:581003787"
"298","G156",24.09634,"AA|TT|CC|GG|AA|GG|TT|TT|GG|TT|GG|GG|TT|CC|GG|AA|AA|AA|AA|CC|CC|AA|GG|GG|AA|CC|CC|TT|CC|GG|AA|GG|AA","2","2H:581003787"
"299","G204",19.93747,"AA|TT|CC|GG|AA|GG|TT|TT|GG|TT|GG|GG|TT|CC|GG|AA|AA|AA|AA|CC|CC|AA|GG|GG|AA|CC|CC|TT|CC|GG|AA|GG|AA","2","2H:581003787"
"300","G220",23.01147,"AA|TT|CC|GG|AA|GG|TT|TT|GG|TT|GG|GG|TT|CC|GG|AA|AA|AA|AA|CC|CC|AA|GG|GG|AA|CC|CC|TT|CC|GG|AA|GG|AA","2","2H:581003787"
"301","G223",25.30052,"AA|TT|CC|GG|AA|GG|TT|TT|GG|TT|GG|GG|TT|CC|GG|AA|AA|AA|AA|CC|CC|AA|GG|GG|AA|CC|CC|TT|CC|GG|AA|GG|AA","2","2H:581003787"
"302","G235",23.44093,"AA|TT|CC|GG|AA|GG|TT|TT|GG|TT|GG|GG|TT|CC|GG|AA|AA|AA|AA|CC|CC|AA|GG|GG|AA|CC|CC|TT|CC|GG|AA|GG|AA","2","2H:581003787"
"303","G240",21.16432,"AA|TT|CC|GG|AA|GG|TT|TT|GG|TT|GG|GG|TT|CC|GG|AA|AA|AA|AA|CC|CC|AA|GG|GG|AA|CC|CC|TT|CC|GG|AA|GG|AA","2","2H:581003787"
"304","G241",18.63539,"AA|TT|CC|GG|AA|GG|TT|TT|GG|TT|GG|GG|TT|CC|GG|AA|AA|AA|AA|CC|CC|AA|GG|GG|AA|CC|CC|TT|CC|GG|AA|GG|AA","2","2H:581003787"
"305","G242",21.37174,"AA|TT|CC|GG|AA|GG|TT|TT|GG|TT|GG|GG|TT|CC|GG|AA|AA|AA|AA|CC|CC|AA|GG|GG|AA|CC|CC|TT|CC|GG|AA|GG|AA","2","2H:581003787"
"306","G243",21.70276,"AA|TT|CC|GG|AA|GG|TT|TT|GG|TT|GG|GG|TT|CC|GG|AA|AA|AA|AA|CC|CC|AA|GG|GG|AA|CC|CC|TT|CC|GG|AA|GG|AA","2","2H:581003787"
"307","G245",21.2911,"AA|TT|CC|GG|AA|GG|TT|TT|GG|TT|GG|GG|TT|CC|GG|AA|AA|AA|AA|CC|CC|AA|GG|GG|AA|CC|CC|TT|CC|GG|AA|GG|AA","2","2H:581003787"
"308","G247",24.3878,"AA|TT|CC|GG|AA|GG|TT|TT|GG|TT|GG|GG|TT|CC|GG|AA|AA|AA|AA|CC|CC|AA|GG|GG|AA|CC|CC|TT|CC|GG|AA|GG|AA","2","2H:581003787"
"309","G249",19.68853,"AA|TT|CC|GG|AA|GG|TT|TT|GG|TT|GG|GG|TT|CC|GG|AA|AA|AA|AA|CC|CC|AA|GG|GG|AA|CC|CC|TT|CC|GG|AA|GG|AA","2","2H:581003787"
"310","G252",22.08283,"AA|TT|CC|GG|AA|GG|TT|TT|GG|TT|GG|GG|TT|CC|GG|AA|AA|AA|AA|CC|CC|AA|GG|GG|AA|CC|CC|TT|CC|GG|AA|GG|AA","2","2H:581003787"
"311","G257",20.01306,"AA|TT|CC|GG|AA|GG|TT|TT|GG|TT|GG|GG|TT|CC|GG|AA|AA|AA|AA|CC|CC|AA|GG|GG|AA|CC|CC|TT|CC|GG|AA|GG|AA","2","2H:581003787"
"312","G258",20.5718,"AA|TT|CC|GG|AA|GG|TT|TT|GG|TT|GG|GG|TT|CC|GG|AA|AA|AA|AA|CC|CC|AA|GG|GG|AA|CC|CC|TT|CC|GG|AA|GG|AA","2","2H:581003787"
"313","G278",24.43277,"AA|TT|CC|GG|AA|GG|TT|TT|GG|TT|GG|GG|TT|CC|GG|AA|AA|AA|AA|CC|CC|AA|GG|GG|AA|CC|CC|TT|CC|GG|AA|GG|AA","2","2H:581003787"
"314","G308",23.62506,"AA|TT|CC|GG|AA|GG|TT|TT|GG|TT|GG|GG|TT|CC|GG|AA|AA|AA|AA|CC|CC|AA|GG|GG|AA|CC|CC|TT|CC|GG|AA|GG|AA","2","2H:581003787"
"315","G1",22.72177,"AA|CC|TT|GG|AA|AA|TT|TT|GG|TT|AA|GG|TT|CC|CC|GG|AA|GG|AA|GG|CC|GG|AA|GG|GG|CC|CC|TT|GG|GG|TT|GG|TT","1","2H:581007791"
"316","G13",19.26368,"AA|CC|TT|GG|AA|AA|TT|TT|GG|TT|AA|GG|TT|CC|CC|GG|AA|GG|AA|GG|CC|GG|AA|GG|GG|CC|CC|TT|GG|GG|TT|GG|TT","1","2H:581007791"
"317","G15",17.48008,"AA|CC|TT|GG|AA|AA|TT|TT|GG|TT|AA|GG|TT|CC|CC|GG|AA|GG|AA|GG|CC|GG|AA|GG|GG|CC|CC|TT|GG|GG|TT|GG|TT","1","2H:581007791"
"318","G19",22.16574,"AA|CC|TT|GG|AA|AA|TT|TT|GG|TT|AA|GG|TT|CC|CC|GG|AA|GG|AA|GG|CC|GG|AA|GG|GG|CC|CC|TT|GG|GG|TT|GG|TT","1","2H:581007791"
"319","G24",23.31557,"AA|CC|TT|GG|AA|AA|TT|TT|GG|TT|AA|GG|TT|CC|CC|GG|AA|GG|AA|GG|CC|GG|AA|GG|GG|CC|CC|TT|GG|GG|TT|GG|TT","1","2H:581007791"
"320","G26",24.30342,"AA|CC|TT|GG|AA|AA|TT|TT|GG|TT|AA|GG|TT|CC|CC|GG|AA|GG|AA|GG|CC|GG|AA|GG|GG|CC|CC|TT|GG|GG|TT|GG|TT","1","2H:581007791"
"321","G28",25.55364,"AA|CC|TT|GG|AA|AA|TT|TT|GG|TT|AA|GG|TT|CC|CC|GG|AA|GG|AA|GG|CC|GG|AA|GG|GG|CC|CC|TT|GG|GG|TT|GG|TT","1","2H:581007791"
"322","G33",21.50603,"AA|CC|TT|GG|AA|AA|TT|TT|GG|TT|AA|GG|TT|CC|CC|GG|AA|GG|AA|GG|CC|GG|AA|GG|GG|CC|CC|TT|GG|GG|TT|GG|TT","1","2H:581007791"
"323","G35",21.7006,"AA|CC|TT|GG|AA|AA|TT|TT|GG|TT|AA|GG|TT|CC|CC|GG|AA|GG|AA|GG|CC|GG|AA|GG|GG|CC|CC|TT|GG|GG|TT|GG|TT","1","2H:581007791"
"324","G36",24.94855,"AA|CC|TT|GG|AA|AA|TT|TT|GG|TT|AA|GG|TT|CC|CC|GG|AA|GG|AA|GG|CC|GG|AA|GG|GG|CC|CC|TT|GG|GG|TT|GG|TT","1","2H:581007791"
"325","G40",21.69324,"AA|CC|TT|GG|AA|AA|TT|TT|GG|TT|AA|GG|TT|CC|CC|GG|AA|GG|AA|GG|CC|GG|AA|GG|GG|CC|CC|TT|GG|GG|TT|GG|TT","1","2H:581007791"
"326","G47",23.70208,"AA|CC|TT|GG|AA|AA|TT|TT|GG|TT|AA|GG|TT|CC|CC|GG|AA|GG|AA|GG|CC|GG|AA|GG|GG|CC|CC|TT|GG|GG|TT|GG|TT","1","2H:581007791"
"327","G56",20.81844,"AA|CC|TT|GG|AA|AA|TT|TT|GG|TT|AA|GG|TT|CC|CC|GG|AA|GG|AA|GG|CC|GG|AA|GG|GG|CC|CC|TT|GG|GG|TT|GG|TT","1","2H:581007791"
"328","G65",23.85477,"AA|CC|TT|GG|AA|AA|TT|TT|GG|TT|AA|GG|TT|CC|CC|GG|AA|GG|AA|GG|CC|GG|AA|GG|GG|CC|CC|TT|GG|GG|TT|GG|TT","1","2H:581007791"
"329","G66",24.01184,"AA|CC|TT|GG|AA|AA|TT|TT|GG|TT|AA|GG|TT|CC|CC|GG|AA|GG|AA|GG|CC|GG|AA|GG|GG|CC|CC|TT|GG|GG|TT|GG|TT","1","2H:581007791"
"330","G71",18.35576,"AA|CC|TT|GG|AA|AA|TT|TT|GG|TT|AA|GG|TT|CC|CC|GG|AA|GG|AA|GG|CC|GG|AA|GG|GG|CC|CC|TT|GG|GG|TT|GG|TT","1","2H:581007791"
"331","G86",22.96864,"AA|CC|TT|GG|AA|AA|TT|TT|GG|TT|AA|GG|TT|CC|CC|GG|AA|GG|AA|GG|CC|GG|AA|GG|GG|CC|CC|TT|GG|GG|TT|GG|TT","1","2H:581007791"
"332","G94",24.81785,"AA|CC|TT|GG|AA|AA|TT|TT|GG|TT|AA|GG|TT|CC|CC|GG|AA|GG|AA|GG|CC|GG|AA|GG|GG|CC|CC|TT|GG|GG|TT|GG|TT","1","2H:581007791"
"333","G119",20.06586,"AA|CC|TT|GG|AA|AA|TT|TT|GG|TT|AA|GG|TT|CC|CC|GG|AA|GG|AA|GG|CC|GG|AA|GG|GG|CC|CC|TT|GG|GG|TT|GG|TT","1","2H:581007791"
"334","G121",23.13077,"AA|CC|TT|GG|AA|AA|TT|TT|GG|TT|AA|GG|TT|CC|CC|GG|AA|GG|AA|GG|CC|GG|AA|GG|GG|CC|CC|TT|GG|GG|TT|GG|TT","1","2H:581007791"
"335","G122",20.91659,"AA|CC|TT|GG|AA|AA|TT|TT|GG|TT|AA|GG|TT|CC|CC|GG|AA|GG|AA|GG|CC|GG|AA|GG|GG|CC|CC|TT|GG|GG|TT|GG|TT","1","2H:581007791"
"336","G145",20.38281,"AA|CC|TT|GG|AA|AA|TT|TT|GG|TT|AA|GG|TT|CC|CC|GG|AA|GG|AA|GG|CC|GG|AA|GG|GG|CC|CC|TT|GG|GG|TT|GG|TT","1","2H:581007791"
"337","G159",20.80584,"AA|CC|TT|GG|AA|AA|TT|TT|GG|TT|AA|GG|TT|CC|CC|GG|AA|GG|AA|GG|CC|GG|AA|GG|GG|CC|CC|TT|GG|GG|TT|GG|TT","1","2H:581007791"
"338","G162",22.85653,"AA|CC|TT|GG|AA|AA|TT|TT|GG|TT|AA|GG|TT|CC|CC|GG|AA|GG|AA|GG|CC|GG|AA|GG|GG|CC|CC|TT|GG|GG|TT|GG|TT","1","2H:581007791"
"339","G166",24.44135,"AA|CC|TT|GG|AA|AA|TT|TT|GG|TT|AA|GG|TT|CC|CC|GG|AA|GG|AA|GG|CC|GG|AA|GG|GG|CC|CC|TT|GG|GG|TT|GG|TT","1","2H:581007791"
"340","G169",19.99307,"AA|CC|TT|GG|AA|AA|TT|TT|GG|TT|AA|GG|TT|CC|CC|GG|AA|GG|AA|GG|CC|GG|AA|GG|GG|CC|CC|TT|GG|GG|TT|GG|TT","1","2H:581007791"
"341","G171",18.1033,"AA|CC|TT|GG|AA|AA|TT|TT|GG|TT|AA|GG|TT|CC|CC|GG|AA|GG|AA|GG|CC|GG|AA|GG|GG|CC|CC|TT|GG|GG|TT|GG|TT","1","2H:581007791"
"342","G179",18.07656,"AA|CC|TT|GG|AA|AA|TT|TT|GG|TT|AA|GG|TT|CC|CC|GG|AA|GG|AA|GG|CC|GG|AA|GG|GG|CC|CC|TT|GG|GG|TT|GG|TT","1","2H:581007791"
"343","G188",21.37451,"AA|CC|TT|GG|AA|AA|TT|TT|GG|TT|AA|GG|TT|CC|CC|GG|AA|GG|AA|GG|CC|GG|AA|GG|GG|CC|CC|TT|GG|GG|TT|GG|TT","1","2H:581007791"
"344","G190",19.85955,"AA|CC|TT|GG|AA|AA|TT|TT|GG|TT|AA|GG|TT|CC|CC|GG|AA|GG|AA|GG|CC|GG|AA|GG|GG|CC|CC|TT|GG|GG|TT|GG|TT","1","2H:581007791"
"345","G192",23.36046,"AA|CC|TT|GG|AA|AA|TT|TT|GG|TT|AA|GG|TT|CC|CC|GG|AA|GG|AA|GG|CC|GG|AA|GG|GG|CC|CC|TT|GG|GG|TT|GG|TT","1","2H:581007791"
"346","G194",23.76612,"AA|CC|TT|GG|AA|AA|TT|TT|GG|TT|AA|GG|TT|CC|CC|GG|AA|GG|AA|GG|CC|GG|AA|GG|GG|CC|CC|TT|GG|GG|TT|GG|TT","1","2H:581007791"
"347","G195",21.00274,"AA|CC|TT|GG|AA|AA|TT|TT|GG|TT|AA|GG|TT|CC|CC|GG|AA|GG|AA|GG|CC|GG|AA|GG|GG|CC|CC|TT|GG|GG|TT|GG|TT","1","2H:581007791"
"348","G196",20.76239,"AA|CC|TT|GG|AA|AA|TT|TT|GG|TT|AA|GG|TT|CC|CC|GG|AA|GG|AA|GG|CC|GG|AA|GG|GG|CC|CC|TT|GG|GG|TT|GG|TT","1","2H:581007791"
"349","G198",21.64197,"AA|CC|TT|GG|AA|AA|TT|TT|GG|TT|AA|GG|TT|CC|CC|GG|AA|GG|AA|GG|CC|GG|AA|GG|GG|CC|CC|TT|GG|GG|TT|GG|TT","1","2H:581007791"
"350","G200",21.84498,"AA|CC|TT|GG|AA|AA|TT|TT|GG|TT|AA|GG|TT|CC|CC|GG|AA|GG|AA|GG|CC|GG|AA|GG|GG|CC|CC|TT|GG|GG|TT|GG|TT","1","2H:581007791"
"351","G203",18.58091,"AA|CC|TT|GG|AA|AA|TT|TT|GG|TT|AA|GG|TT|CC|CC|GG|AA|GG|AA|GG|CC|GG|AA|GG|GG|CC|CC|TT|GG|GG|TT|GG|TT","1","2H:581007791"
"352","G206",21.31375,"AA|CC|TT|GG|AA|AA|TT|TT|GG|TT|AA|GG|TT|CC|CC|GG|AA|GG|AA|GG|CC|GG|AA|GG|GG|CC|CC|TT|GG|GG|TT|GG|TT","1","2H:581007791"
"353","G208",22.49594,"AA|CC|TT|GG|AA|AA|TT|TT|GG|TT|AA|GG|TT|CC|CC|GG|AA|GG|AA|GG|CC|GG|AA|GG|GG|CC|CC|TT|GG|GG|TT|GG|TT","1","2H:581007791"
"354","G212",22.00162,"AA|CC|TT|GG|AA|AA|TT|TT|GG|TT|AA|GG|TT|CC|CC|GG|AA|GG|AA|GG|CC|GG|AA|GG|GG|CC|CC|TT|GG|GG|TT|GG|TT","1","2H:581007791"
"355","G213",22.76205,"AA|CC|TT|GG|AA|AA|TT|TT|GG|TT|AA|GG|TT|CC|CC|GG|AA|GG|AA|GG|CC|GG|AA|GG|GG|CC|CC|TT|GG|GG|TT|GG|TT","1","2H:581007791"
"356","G214",22.66022,"AA|CC|TT|GG|AA|AA|TT|TT|GG|TT|AA|GG|TT|CC|CC|GG|AA|GG|AA|GG|CC|GG|AA|GG|GG|CC|CC|TT|GG|GG|TT|GG|TT","1","2H:581007791"
"357","G218",21.11602,"AA|CC|TT|GG|AA|AA|TT|TT|GG|TT|AA|GG|TT|CC|CC|GG|AA|GG|AA|GG|CC|GG|AA|GG|GG|CC|CC|TT|GG|GG|TT|GG|TT","1","2H:581007791"
"358","G225",22.83821,"AA|CC|TT|GG|AA|AA|TT|TT|GG|TT|AA|GG|TT|CC|CC|GG|AA|GG|AA|GG|CC|GG|AA|GG|GG|CC|CC|TT|GG|GG|TT|GG|TT","1","2H:581007791"
"359","G226",24.0162,"AA|CC|TT|GG|AA|AA|TT|TT|GG|TT|AA|GG|TT|CC|CC|GG|AA|GG|AA|GG|CC|GG|AA|GG|GG|CC|CC|TT|GG|GG|TT|GG|TT","1","2H:581007791"
"360","G236",24.69329,"AA|CC|TT|GG|AA|AA|TT|TT|GG|TT|AA|GG|TT|CC|CC|GG|AA|GG|AA|GG|CC|GG|AA|GG|GG|CC|CC|TT|GG|GG|TT|GG|TT","1","2H:581007791"
"361","G237",19.85151,"AA|CC|TT|GG|AA|AA|TT|TT|GG|TT|AA|GG|TT|CC|CC|GG|AA|GG|AA|GG|CC|GG|AA|GG|GG|CC|CC|TT|GG|GG|TT|GG|TT","1","2H:581007791"
"362","G238",22.04493,"AA|CC|TT|GG|AA|AA|TT|TT|GG|TT|AA|GG|TT|CC|CC|GG|AA|GG|AA|GG|CC|GG|AA|GG|GG|CC|CC|TT|GG|GG|TT|GG|TT","1","2H:581007791"
"363","G239",20.94633,"AA|CC|TT|GG|AA|AA|TT|TT|GG|TT|AA|GG|TT|CC|CC|GG|AA|GG|AA|GG|CC|GG|AA|GG|GG|CC|CC|TT|GG|GG|TT|GG|TT","1","2H:581007791"
"364","G254",22.87899,"AA|CC|TT|GG|AA|AA|TT|TT|GG|TT|AA|GG|TT|CC|CC|GG|AA|GG|AA|GG|CC|GG|AA|GG|GG|CC|CC|TT|GG|GG|TT|GG|TT","1","2H:581007791"
"365","G284",24.18164,"AA|CC|TT|GG|AA|AA|TT|TT|GG|TT|AA|GG|TT|CC|CC|GG|AA|GG|AA|GG|CC|GG|AA|GG|GG|CC|CC|TT|GG|GG|TT|GG|TT","1","2H:581007791"
"366","G285",22.98508,"AA|CC|TT|GG|AA|AA|TT|TT|GG|TT|AA|GG|TT|CC|CC|GG|AA|GG|AA|GG|CC|GG|AA|GG|GG|CC|CC|TT|GG|GG|TT|GG|TT","1","2H:581007791"
"367","G288",26.69294,"AA|CC|TT|GG|AA|AA|TT|TT|GG|TT|AA|GG|TT|CC|CC|GG|AA|GG|AA|GG|CC|GG|AA|GG|GG|CC|CC|TT|GG|GG|TT|GG|TT","1","2H:581007791"
"368","G289",20.63683,"AA|CC|TT|GG|AA|AA|TT|TT|GG|TT|AA|GG|TT|CC|CC|GG|AA|GG|AA|GG|CC|GG|AA|GG|GG|CC|CC|TT|GG|GG|TT|GG|TT","1","2H:581007791"
"369","G293",25.37291,"AA|CC|TT|GG|AA|AA|TT|TT|GG|TT|AA|GG|TT|CC|CC|GG|AA|GG|AA|GG|CC|GG|AA|GG|GG|CC|CC|TT|GG|GG|TT|GG|TT","1","2H:581007791"
"370","G296",20.96936,"AA|CC|TT|GG|AA|AA|TT|TT|GG|TT|AA|GG|TT|CC|CC|GG|AA|GG|AA|GG|CC|GG|AA|GG|GG|CC|CC|TT|GG|GG|TT|GG|TT","1","2H:581007791"
"371","G305",19.64234,"AA|CC|TT|GG|AA|AA|TT|TT|GG|TT|AA|GG|TT|CC|CC|GG|AA|GG|AA|GG|CC|GG|AA|GG|GG|CC|CC|TT|GG|GG|TT|GG|TT","1","2H:581007791"
"372","G311",25.42234,"AA|CC|TT|GG|AA|AA|TT|TT|GG|TT|AA|GG|TT|CC|CC|GG|AA|GG|AA|GG|CC|GG|AA|GG|GG|CC|CC|TT|GG|GG|TT|GG|TT","1","2H:581007791"
"373","G312",19.11717,"AA|CC|TT|GG|AA|AA|TT|TT|GG|TT|AA|GG|TT|CC|CC|GG|AA|GG|AA|GG|CC|GG|AA|GG|GG|CC|CC|TT|GG|GG|TT|GG|TT","1","2H:581007791"
"374","G313",21.71683,"AA|CC|TT|GG|AA|AA|TT|TT|GG|TT|AA|GG|TT|CC|CC|GG|AA|GG|AA|GG|CC|GG|AA|GG|GG|CC|CC|TT|GG|GG|TT|GG|TT","1","2H:581007791"
"375","G315",23.40745,"AA|CC|TT|GG|AA|AA|TT|TT|GG|TT|AA|GG|TT|CC|CC|GG|AA|GG|AA|GG|CC|GG|AA|GG|GG|CC|CC|TT|GG|GG|TT|GG|TT","1","2H:581007791"
"376","G317",15.57887,"AA|CC|TT|GG|AA|AA|TT|TT|GG|TT|AA|GG|TT|CC|CC|GG|AA|GG|AA|GG|CC|GG|AA|GG|GG|CC|CC|TT|GG|GG|TT|GG|TT","1","2H:581007791"
"377","G2",23.07877,"AA|TT|CC|GG|AA|GG|TT|TT|GG|TT|GG|GG|TT|CC|GG|AA|AA|AA|AA|CC|CC|AA|GG|GG|AA|CC|CC|TT|CC|GG|AA|GG|AA","2","2H:581007791"
"378","G7",22.96829,"AA|TT|CC|GG|AA|GG|TT|TT|GG|TT|GG|GG|TT|CC|GG|AA|AA|AA|AA|CC|CC|AA|GG|GG|AA|CC|CC|TT|CC|GG|AA|GG|AA","2","2H:581007791"
"379","G12",21.53395,"AA|TT|CC|GG|AA|GG|TT|TT|GG|TT|GG|GG|TT|CC|GG|AA|AA|AA|AA|CC|CC|AA|GG|GG|AA|CC|CC|TT|CC|GG|AA|GG|AA","2","2H:581007791"
"380","G21",22.09289,"AA|TT|CC|GG|AA|GG|TT|TT|GG|TT|GG|GG|TT|CC|GG|AA|AA|AA|AA|CC|CC|AA|GG|GG|AA|CC|CC|TT|CC|GG|AA|GG|AA","2","2H:581007791"
"381","G37",23.11009,"AA|TT|CC|GG|AA|GG|TT|TT|GG|TT|GG|GG|TT|CC|GG|AA|AA|AA|AA|CC|CC|AA|GG|GG|AA|CC|CC|TT|CC|GG|AA|GG|AA","2","2H:581007791"
"382","G42",22.38259,"AA|TT|CC|GG|AA|GG|TT|TT|GG|TT|GG|GG|TT|CC|GG|AA|AA|AA|AA|CC|CC|AA|GG|GG|AA|CC|CC|TT|CC|GG|AA|GG|AA","2","2H:581007791"
"383","G50",21.20548,"AA|TT|CC|GG|AA|GG|TT|TT|GG|TT|GG|GG|TT|CC|GG|AA|AA|AA|AA|CC|CC|AA|GG|GG|AA|CC|CC|TT|CC|GG|AA|GG|AA","2","2H:581007791"
"384","G63",23.46048,"AA|TT|CC|GG|AA|GG|TT|TT|GG|TT|GG|GG|TT|CC|GG|AA|AA|AA|AA|CC|CC|AA|GG|GG|AA|CC|CC|TT|CC|GG|AA|GG|AA","2","2H:581007791"
"385","G69",21.72851,"AA|TT|CC|GG|AA|GG|TT|TT|GG|TT|GG|GG|TT|CC|GG|AA|AA|AA|AA|CC|CC|AA|GG|GG|AA|CC|CC|TT|CC|GG|AA|GG|AA","2","2H:581007791"
"386","G73",23.01956,"AA|TT|CC|GG|AA|GG|TT|TT|GG|TT|GG|GG|TT|CC|GG|AA|AA|AA|AA|CC|CC|AA|GG|GG|AA|CC|CC|TT|CC|GG|AA|GG|AA","2","2H:581007791"
"387","G76",20.81473,"AA|TT|CC|GG|AA|GG|TT|TT|GG|TT|GG|GG|TT|CC|GG|AA|AA|AA|AA|CC|CC|AA|GG|GG|AA|CC|CC|TT|CC|GG|AA|GG|AA","2","2H:581007791"
"388","G81",23.4355,"AA|TT|CC|GG|AA|GG|TT|TT|GG|TT|GG|GG|TT|CC|GG|AA|AA|AA|AA|CC|CC|AA|GG|GG|AA|CC|CC|TT|CC|GG|AA|GG|AA","2","2H:581007791"
"389","G82",23.11905,"AA|TT|CC|GG|AA|GG|TT|TT|GG|TT|GG|GG|TT|CC|GG|AA|AA|AA|AA|CC|CC|AA|GG|GG|AA|CC|CC|TT|CC|GG|AA|GG|AA","2","2H:581007791"
"390","G84",22.72886,"AA|TT|CC|GG|AA|GG|TT|TT|GG|TT|GG|GG|TT|CC|GG|AA|AA|AA|AA|CC|CC|AA|GG|GG|AA|CC|CC|TT|CC|GG|AA|GG|AA","2","2H:581007791"
"391","G89",23.73216,"AA|TT|CC|GG|AA|GG|TT|TT|GG|TT|GG|GG|TT|CC|GG|AA|AA|AA|AA|CC|CC|AA|GG|GG|AA|CC|CC|TT|CC|GG|AA|GG|AA","2","2H:581007791"
"392","G92",25.67942,"AA|TT|CC|GG|AA|GG|TT|TT|GG|TT|GG|GG|TT|CC|GG|AA|AA|AA|AA|CC|CC|AA|GG|GG|AA|CC|CC|TT|CC|GG|AA|GG|AA","2","2H:581007791"
"393","G93",24.31245,"AA|TT|CC|GG|AA|GG|TT|TT|GG|TT|GG|GG|TT|CC|GG|AA|AA|AA|AA|CC|CC|AA|GG|GG|AA|CC|CC|TT|CC|GG|AA|GG|AA","2","2H:581007791"
"394","G96",21.89628,"AA|TT|CC|GG|AA|GG|TT|TT|GG|TT|GG|GG|TT|CC|GG|AA|AA|AA|AA|CC|CC|AA|GG|GG|AA|CC|CC|TT|CC|GG|AA|GG|AA","2","2H:581007791"
"395","G97",22.56709,"AA|TT|CC|GG|AA|GG|TT|TT|GG|TT|GG|GG|TT|CC|GG|AA|AA|AA|AA|CC|CC|AA|GG|GG|AA|CC|CC|TT|CC|GG|AA|GG|AA","2","2H:581007791"
"396","G109",24.34794,"AA|TT|CC|GG|AA|GG|TT|TT|GG|TT|GG|GG|TT|CC|GG|AA|AA|AA|AA|CC|CC|AA|GG|GG|AA|CC|CC|TT|CC|GG|AA|GG|AA","2","2H:581007791"
"397","G123",21.25745,"AA|TT|CC|GG|AA|GG|TT|TT|GG|TT|GG|GG|TT|CC|GG|AA|AA|AA|AA|CC|CC|AA|GG|GG|AA|CC|CC|TT|CC|GG|AA|GG|AA","2","2H:581007791"
"398","G127",22.29944,"AA|TT|CC|GG|AA|GG|TT|TT|GG|TT|GG|GG|TT|CC|GG|AA|AA|AA|AA|CC|CC|AA|GG|GG|AA|CC|CC|TT|CC|GG|AA|GG|AA","2","2H:581007791"
"399","G131",24.20781,"AA|TT|CC|GG|AA|GG|TT|TT|GG|TT|GG|GG|TT|CC|GG|AA|AA|AA|AA|CC|CC|AA|GG|GG|AA|CC|CC|TT|CC|GG|AA|GG|AA","2","2H:581007791"
"400","G136",21.66202,"AA|TT|CC|GG|AA|GG|TT|TT|GG|TT|GG|GG|TT|CC|GG|AA|AA|AA|AA|CC|CC|AA|GG|GG|AA|CC|CC|TT|CC|GG|AA|GG|AA","2","2H:581007791"
"401","G137",23.88939,"AA|TT|CC|GG|AA|GG|TT|TT|GG|TT|GG|GG|TT|CC|GG|AA|AA|AA|AA|CC|CC|AA|GG|GG|AA|CC|CC|TT|CC|GG|AA|GG|AA","2","2H:581007791"
"402","G138",21.29375,"AA|TT|CC|GG|AA|GG|TT|TT|GG|TT|GG|GG|TT|CC|GG|AA|AA|AA|AA|CC|CC|AA|GG|GG|AA|CC|CC|TT|CC|GG|AA|GG|AA","2","2H:581007791"
"403","G140",22.3628,"AA|TT|CC|GG|AA|GG|TT|TT|GG|TT|GG|GG|TT|CC|GG|AA|AA|AA|AA|CC|CC|AA|GG|GG|AA|CC|CC|TT|CC|GG|AA|GG|AA","2","2H:581007791"
"404","G141",22.81762,"AA|TT|CC|GG|AA|GG|TT|TT|GG|TT|GG|GG|TT|CC|GG|AA|AA|AA|AA|CC|CC|AA|GG|GG|AA|CC|CC|TT|CC|GG|AA|GG|AA","2","2H:581007791"
"405","G146",21.61163,"AA|TT|CC|GG|AA|GG|TT|TT|GG|TT|GG|GG|TT|CC|GG|AA|AA|AA|AA|CC|CC|AA|GG|GG|AA|CC|CC|TT|CC|GG|AA|GG|AA","2","2H:581007791"
"406","G147",23.6875,"AA|TT|CC|GG|AA|GG|TT|TT|GG|TT|GG|GG|TT|CC|GG|AA|AA|AA|AA|CC|CC|AA|GG|GG|AA|CC|CC|TT|CC|GG|AA|GG|AA","2","2H:581007791"
"407","G149",21.41569,"AA|TT|CC|GG|AA|GG|TT|TT|GG|TT|GG|GG|TT|CC|GG|AA|AA|AA|AA|CC|CC|AA|GG|GG|AA|CC|CC|TT|CC|GG|AA|GG|AA","2","2H:581007791"
"408","G150",23.14237,"AA|TT|CC|GG|AA|GG|TT|TT|GG|TT|GG|GG|TT|CC|GG|AA|AA|AA|AA|CC|CC|AA|GG|GG|AA|CC|CC|TT|CC|GG|AA|GG|AA","2","2H:581007791"
"409","G154",28.27727,"AA|TT|CC|GG|AA|GG|TT|TT|GG|TT|GG|GG|TT|CC|GG|AA|AA|AA|AA|CC|CC|AA|GG|GG|AA|CC|CC|TT|CC|GG|AA|GG|AA","2","2H:581007791"
"410","G156",24.09634,"AA|TT|CC|GG|AA|GG|TT|TT|GG|TT|GG|GG|TT|CC|GG|AA|AA|AA|AA|CC|CC|AA|GG|GG|AA|CC|CC|TT|CC|GG|AA|GG|AA","2","2H:581007791"
"411","G204",19.93747,"AA|TT|CC|GG|AA|GG|TT|TT|GG|TT|GG|GG|TT|CC|GG|AA|AA|AA|AA|CC|CC|AA|GG|GG|AA|CC|CC|TT|CC|GG|AA|GG|AA","2","2H:581007791"
"412","G220",23.01147,"AA|TT|CC|GG|AA|GG|TT|TT|GG|TT|GG|GG|TT|CC|GG|AA|AA|AA|AA|CC|CC|AA|GG|GG|AA|CC|CC|TT|CC|GG|AA|GG|AA","2","2H:581007791"
"413","G223",25.30052,"AA|TT|CC|GG|AA|GG|TT|TT|GG|TT|GG|GG|TT|CC|GG|AA|AA|AA|AA|CC|CC|AA|GG|GG|AA|CC|CC|TT|CC|GG|AA|GG|AA","2","2H:581007791"
"414","G235",23.44093,"AA|TT|CC|GG|AA|GG|TT|TT|GG|TT|GG|GG|TT|CC|GG|AA|AA|AA|AA|CC|CC|AA|GG|GG|AA|CC|CC|TT|CC|GG|AA|GG|AA","2","2H:581007791"
"415","G240",21.16432,"AA|TT|CC|GG|AA|GG|TT|TT|GG|TT|GG|GG|TT|CC|GG|AA|AA|AA|AA|CC|CC|AA|GG|GG|AA|CC|CC|TT|CC|GG|AA|GG|AA","2","2H:581007791"
"416","G241",18.63539,"AA|TT|CC|GG|AA|GG|TT|TT|GG|TT|GG|GG|TT|CC|GG|AA|AA|AA|AA|CC|CC|AA|GG|GG|AA|CC|CC|TT|CC|GG|AA|GG|AA","2","2H:581007791"
"417","G242",21.37174,"AA|TT|CC|GG|AA|GG|TT|TT|GG|TT|GG|GG|TT|CC|GG|AA|AA|AA|AA|CC|CC|AA|GG|GG|AA|CC|CC|TT|CC|GG|AA|GG|AA","2","2H:581007791"
"418","G243",21.70276,"AA|TT|CC|GG|AA|GG|TT|TT|GG|TT|GG|GG|TT|CC|GG|AA|AA|AA|AA|CC|CC|AA|GG|GG|AA|CC|CC|TT|CC|GG|AA|GG|AA","2","2H:581007791"
"419","G245",21.2911,"AA|TT|CC|GG|AA|GG|TT|TT|GG|TT|GG|GG|TT|CC|GG|AA|AA|AA|AA|CC|CC|AA|GG|GG|AA|CC|CC|TT|CC|GG|AA|GG|AA","2","2H:581007791"
"420","G247",24.3878,"AA|TT|CC|GG|AA|GG|TT|TT|GG|TT|GG|GG|TT|CC|GG|AA|AA|AA|AA|CC|CC|AA|GG|GG|AA|CC|CC|TT|CC|GG|AA|GG|AA","2","2H:581007791"
"421","G249",19.68853,"AA|TT|CC|GG|AA|GG|TT|TT|GG|TT|GG|GG|TT|CC|GG|AA|AA|AA|AA|CC|CC|AA|GG|GG|AA|CC|CC|TT|CC|GG|AA|GG|AA","2","2H:581007791"
"422","G252",22.08283,"AA|TT|CC|GG|AA|GG|TT|TT|GG|TT|GG|GG|TT|CC|GG|AA|AA|AA|AA|CC|CC|AA|GG|GG|AA|CC|CC|TT|CC|GG|AA|GG|AA","2","2H:581007791"
"423","G257",20.01306,"AA|TT|CC|GG|AA|GG|TT|TT|GG|TT|GG|GG|TT|CC|GG|AA|AA|AA|AA|CC|CC|AA|GG|GG|AA|CC|CC|TT|CC|GG|AA|GG|AA","2","2H:581007791"
"424","G258",20.5718,"AA|TT|CC|GG|AA|GG|TT|TT|GG|TT|GG|GG|TT|CC|GG|AA|AA|AA|AA|CC|CC|AA|GG|GG|AA|CC|CC|TT|CC|GG|AA|GG|AA","2","2H:581007791"
"425","G278",24.43277,"AA|TT|CC|GG|AA|GG|TT|TT|GG|TT|GG|GG|TT|CC|GG|AA|AA|AA|AA|CC|CC|AA|GG|GG|AA|CC|CC|TT|CC|GG|AA|GG|AA","2","2H:581007791"
"426","G308",23.62506,"AA|TT|CC|GG|AA|GG|TT|TT|GG|TT|GG|GG|TT|CC|GG|AA|AA|AA|AA|CC|CC|AA|GG|GG|AA|CC|CC|TT|CC|GG|AA|GG|AA","2","2H:581007791"
"427","G45",26.83013,"AA|AA|TT|CC|CC|CC|CC|CC|CC|CC|CC|GG|CC|GG|GG|TT|TT|CC|CC|TT|TT|CC|TT|TT|GG|CC|CC|CC|TT|GG|AA|CC|AA","1","2H:582673984"
"428","G59",22.56717,"AA|AA|TT|CC|CC|CC|CC|CC|CC|CC|CC|GG|CC|GG|GG|TT|TT|CC|CC|TT|TT|CC|TT|TT|GG|CC|CC|CC|TT|GG|AA|CC|AA","1","2H:582673984"
"429","G60",22.28642,"AA|AA|TT|CC|CC|CC|CC|CC|CC|CC|CC|GG|CC|GG|GG|TT|TT|CC|CC|TT|TT|CC|TT|TT|GG|CC|CC|CC|TT|GG|AA|CC|AA","1","2H:582673984"
"430","G61",24.42887,"AA|AA|TT|CC|CC|CC|CC|CC|CC|CC|CC|GG|CC|GG|GG|TT|TT|CC|CC|TT|TT|CC|TT|TT|GG|CC|CC|CC|TT|GG|AA|CC|AA","1","2H:582673984"
"431","G62",23.66343,"AA|AA|TT|CC|CC|CC|CC|CC|CC|CC|CC|GG|CC|GG|GG|TT|TT|CC|CC|TT|TT|CC|TT|TT|GG|CC|CC|CC|TT|GG|AA|CC|AA","1","2H:582673984"
"432","G68",25.37264,"AA|AA|TT|CC|CC|CC|CC|CC|CC|CC|CC|GG|CC|GG|GG|TT|TT|CC|CC|TT|TT|CC|TT|TT|GG|CC|CC|CC|TT|GG|AA|CC|AA","1","2H:582673984"
"433","G100",22.29833,"AA|AA|TT|CC|CC|CC|CC|CC|CC|CC|CC|GG|CC|GG|GG|TT|TT|CC|CC|TT|TT|CC|TT|TT|GG|CC|CC|CC|TT|GG|AA|CC|AA","1","2H:582673984"
"434","G104",24.36128,"AA|AA|TT|CC|CC|CC|CC|CC|CC|CC|CC|GG|CC|GG|GG|TT|TT|CC|CC|TT|TT|CC|TT|TT|GG|CC|CC|CC|TT|GG|AA|CC|AA","1","2H:582673984"
"435","G105",24.06825,"AA|AA|TT|CC|CC|CC|CC|CC|CC|CC|CC|GG|CC|GG|GG|TT|TT|CC|CC|TT|TT|CC|TT|TT|GG|CC|CC|CC|TT|GG|AA|CC|AA","1","2H:582673984"
"436","G111",28.52344,"AA|AA|TT|CC|CC|CC|CC|CC|CC|CC|CC|GG|CC|GG|GG|TT|TT|CC|CC|TT|TT|CC|TT|TT|GG|CC|CC|CC|TT|GG|AA|CC|AA","1","2H:582673984"
"437","G113",26.15121,"AA|AA|TT|CC|CC|CC|CC|CC|CC|CC|CC|GG|CC|GG|GG|TT|TT|CC|CC|TT|TT|CC|TT|TT|GG|CC|CC|CC|TT|GG|AA|CC|AA","1","2H:582673984"
"438","G168",25.39961,"AA|AA|TT|CC|CC|CC|CC|CC|CC|CC|CC|GG|CC|GG|GG|TT|TT|CC|CC|TT|TT|CC|TT|TT|GG|CC|CC|CC|TT|GG|AA|CC|AA","1","2H:582673984"
"439","G175",24.94921,"AA|AA|TT|CC|CC|CC|CC|CC|CC|CC|CC|GG|CC|GG|GG|TT|TT|CC|CC|TT|TT|CC|TT|TT|GG|CC|CC|CC|TT|GG|AA|CC|AA","1","2H:582673984"
"440","G180",27.30487,"AA|AA|TT|CC|CC|CC|CC|CC|CC|CC|CC|GG|CC|GG|GG|TT|TT|CC|CC|TT|TT|CC|TT|TT|GG|CC|CC|CC|TT|GG|AA|CC|AA","1","2H:582673984"
"441","G181",25.69306,"AA|AA|TT|CC|CC|CC|CC|CC|CC|CC|CC|GG|CC|GG|GG|TT|TT|CC|CC|TT|TT|CC|TT|TT|GG|CC|CC|CC|TT|GG|AA|CC|AA","1","2H:582673984"
"442","G182",29.84108,"AA|AA|TT|CC|CC|CC|CC|CC|CC|CC|CC|GG|CC|GG|GG|TT|TT|CC|CC|TT|TT|CC|TT|TT|GG|CC|CC|CC|TT|GG|AA|CC|AA","1","2H:582673984"
"443","G183",28.66612,"AA|AA|TT|CC|CC|CC|CC|CC|CC|CC|CC|GG|CC|GG|GG|TT|TT|CC|CC|TT|TT|CC|TT|TT|GG|CC|CC|CC|TT|GG|AA|CC|AA","1","2H:582673984"
"444","G184",26.33494,"AA|AA|TT|CC|CC|CC|CC|CC|CC|CC|CC|GG|CC|GG|GG|TT|TT|CC|CC|TT|TT|CC|TT|TT|GG|CC|CC|CC|TT|GG|AA|CC|AA","1","2H:582673984"
"445","G207",25.59333,"AA|AA|TT|CC|CC|CC|CC|CC|CC|CC|CC|GG|CC|GG|GG|TT|TT|CC|CC|TT|TT|CC|TT|TT|GG|CC|CC|CC|TT|GG|AA|CC|AA","1","2H:582673984"
"446","G222",26.62316,"AA|AA|TT|CC|CC|CC|CC|CC|CC|CC|CC|GG|CC|GG|GG|TT|TT|CC|CC|TT|TT|CC|TT|TT|GG|CC|CC|CC|TT|GG|AA|CC|AA","1","2H:582673984"
"447","G255",28.40349,"AA|AA|TT|CC|CC|CC|CC|CC|CC|CC|CC|GG|CC|GG|GG|TT|TT|CC|CC|TT|TT|CC|TT|TT|GG|CC|CC|CC|TT|GG|AA|CC|AA","1","2H:582673984"
"448","G263",23.79806,"AA|AA|TT|CC|CC|CC|CC|CC|CC|CC|CC|GG|CC|GG|GG|TT|TT|CC|CC|TT|TT|CC|TT|TT|GG|CC|CC|CC|TT|GG|AA|CC|AA","1","2H:582673984"
"449","G264",24.81622,"AA|AA|TT|CC|CC|CC|CC|CC|CC|CC|CC|GG|CC|GG|GG|TT|TT|CC|CC|TT|TT|CC|TT|TT|GG|CC|CC|CC|TT|GG|AA|CC|AA","1","2H:582673984"
"450","G267",23.32122,"AA|AA|TT|CC|CC|CC|CC|CC|CC|CC|CC|GG|CC|GG|GG|TT|TT|CC|CC|TT|TT|CC|TT|TT|GG|CC|CC|CC|TT|GG|AA|CC|AA","1","2H:582673984"
"451","G268",25.24806,"AA|AA|TT|CC|CC|CC|CC|CC|CC|CC|CC|GG|CC|GG|GG|TT|TT|CC|CC|TT|TT|CC|TT|TT|GG|CC|CC|CC|TT|GG|AA|CC|AA","1","2H:582673984"
"452","G272",23.91018,"AA|AA|TT|CC|CC|CC|CC|CC|CC|CC|CC|GG|CC|GG|GG|TT|TT|CC|CC|TT|TT|CC|TT|TT|GG|CC|CC|CC|TT|GG|AA|CC|AA","1","2H:582673984"
"453","G273",20.56283,"AA|AA|TT|CC|CC|CC|CC|CC|CC|CC|CC|GG|CC|GG|GG|TT|TT|CC|CC|TT|TT|CC|TT|TT|GG|CC|CC|CC|TT|GG|AA|CC|AA","1","2H:582673984"
"454","G277",25.28839,"AA|AA|TT|CC|CC|CC|CC|CC|CC|CC|CC|GG|CC|GG|GG|TT|TT|CC|CC|TT|TT|CC|TT|TT|GG|CC|CC|CC|TT|GG|AA|CC|AA","1","2H:582673984"
"455","G280",26.03816,"AA|AA|TT|CC|CC|CC|CC|CC|CC|CC|CC|GG|CC|GG|GG|TT|TT|CC|CC|TT|TT|CC|TT|TT|GG|CC|CC|CC|TT|GG|AA|CC|AA","1","2H:582673984"
"456","G318",23.43454,"AA|AA|TT|CC|CC|CC|CC|CC|CC|CC|CC|GG|CC|GG|GG|TT|TT|CC|CC|TT|TT|CC|TT|TT|GG|CC|CC|CC|TT|GG|AA|CC|AA","1","2H:582673984"
"457","G2",23.07877,"AA|GG|AA|CC|TT|TT|TT|CC|CC|TT|CC|GG|TT|GG|GG|TT|TT|CC|TT|TT|TT|CC|TT|CC|GG|TT|CC|CC|AA|GG|GG|CC|AA","2","2H:582673984"
"458","G7",22.96829,"AA|GG|AA|CC|TT|TT|TT|CC|CC|TT|CC|GG|TT|GG|GG|TT|TT|CC|TT|TT|TT|CC|TT|CC|GG|TT|CC|CC|AA|GG|GG|CC|AA","2","2H:582673984"
"459","G50",21.20548,"AA|GG|AA|CC|TT|TT|TT|CC|CC|TT|CC|GG|TT|GG|GG|TT|TT|CC|TT|TT|TT|CC|TT|CC|GG|TT|CC|CC|AA|GG|GG|CC|AA","2","2H:582673984"
"460","G57",27.94177,"AA|GG|AA|CC|TT|TT|TT|CC|CC|TT|CC|GG|TT|GG|GG|TT|TT|CC|TT|TT|TT|CC|TT|CC|GG|TT|CC|CC|AA|GG|GG|CC|AA","2","2H:582673984"
"461","G64",18.38015,"AA|GG|AA|CC|TT|TT|TT|CC|CC|TT|CC|GG|TT|GG|GG|TT|TT|CC|TT|TT|TT|CC|TT|CC|GG|TT|CC|CC|AA|GG|GG|CC|AA","2","2H:582673984"
"462","G69",21.72851,"AA|GG|AA|CC|TT|TT|TT|CC|CC|TT|CC|GG|TT|GG|GG|TT|TT|CC|TT|TT|TT|CC|TT|CC|GG|TT|CC|CC|AA|GG|GG|CC|AA","2","2H:582673984"
"463","G73",23.01956,"AA|GG|AA|CC|TT|TT|TT|CC|CC|TT|CC|GG|TT|GG|GG|TT|TT|CC|TT|TT|TT|CC|TT|CC|GG|TT|CC|CC|AA|GG|GG|CC|AA","2","2H:582673984"
"464","G76",20.81473,"AA|GG|AA|CC|TT|TT|TT|CC|CC|TT|CC|GG|TT|GG|GG|TT|TT|CC|TT|TT|TT|CC|TT|CC|GG|TT|CC|CC|AA|GG|GG|CC|AA","2","2H:582673984"
"465","G81",23.4355,"AA|GG|AA|CC|TT|TT|TT|CC|CC|TT|CC|GG|TT|GG|GG|TT|TT|CC|TT|TT|TT|CC|TT|CC|GG|TT|CC|CC|AA|GG|GG|CC|AA","2","2H:582673984"
"466","G82",23.11905,"AA|GG|AA|CC|TT|TT|TT|CC|CC|TT|CC|GG|TT|GG|GG|TT|TT|CC|TT|TT|TT|CC|TT|CC|GG|TT|CC|CC|AA|GG|GG|CC|AA","2","2H:582673984"
"467","G84",22.72886,"AA|GG|AA|CC|TT|TT|TT|CC|CC|TT|CC|GG|TT|GG|GG|TT|TT|CC|TT|TT|TT|CC|TT|CC|GG|TT|CC|CC|AA|GG|GG|CC|AA","2","2H:582673984"
"468","G89",23.73216,"AA|GG|AA|CC|TT|TT|TT|CC|CC|TT|CC|GG|TT|GG|GG|TT|TT|CC|TT|TT|TT|CC|TT|CC|GG|TT|CC|CC|AA|GG|GG|CC|AA","2","2H:582673984"
"469","G92",25.67942,"AA|GG|AA|CC|TT|TT|TT|CC|CC|TT|CC|GG|TT|GG|GG|TT|TT|CC|TT|TT|TT|CC|TT|CC|GG|TT|CC|CC|AA|GG|GG|CC|AA","2","2H:582673984"
"470","G93",24.31245,"AA|GG|AA|CC|TT|TT|TT|CC|CC|TT|CC|GG|TT|GG|GG|TT|TT|CC|TT|TT|TT|CC|TT|CC|GG|TT|CC|CC|AA|GG|GG|CC|AA","2","2H:582673984"
"471","G96",21.89628,"AA|GG|AA|CC|TT|TT|TT|CC|CC|TT|CC|GG|TT|GG|GG|TT|TT|CC|TT|TT|TT|CC|TT|CC|GG|TT|CC|CC|AA|GG|GG|CC|AA","2","2H:582673984"
"472","G97",22.56709,"AA|GG|AA|CC|TT|TT|TT|CC|CC|TT|CC|GG|TT|GG|GG|TT|TT|CC|TT|TT|TT|CC|TT|CC|GG|TT|CC|CC|AA|GG|GG|CC|AA","2","2H:582673984"
"473","G123",21.25745,"AA|GG|AA|CC|TT|TT|TT|CC|CC|TT|CC|GG|TT|GG|GG|TT|TT|CC|TT|TT|TT|CC|TT|CC|GG|TT|CC|CC|AA|GG|GG|CC|AA","2","2H:582673984"
"474","G127",22.29944,"AA|GG|AA|CC|TT|TT|TT|CC|CC|TT|CC|GG|TT|GG|GG|TT|TT|CC|TT|TT|TT|CC|TT|CC|GG|TT|CC|CC|AA|GG|GG|CC|AA","2","2H:582673984"
"475","G131",24.20781,"AA|GG|AA|CC|TT|TT|TT|CC|CC|TT|CC|GG|TT|GG|GG|TT|TT|CC|TT|TT|TT|CC|TT|CC|GG|TT|CC|CC|AA|GG|GG|CC|AA","2","2H:582673984"
"476","G136",21.66202,"AA|GG|AA|CC|TT|TT|TT|CC|CC|TT|CC|GG|TT|GG|GG|TT|TT|CC|TT|TT|TT|CC|TT|CC|GG|TT|CC|CC|AA|GG|GG|CC|AA","2","2H:582673984"
"477","G137",23.88939,"AA|GG|AA|CC|TT|TT|TT|CC|CC|TT|CC|GG|TT|GG|GG|TT|TT|CC|TT|TT|TT|CC|TT|CC|GG|TT|CC|CC|AA|GG|GG|CC|AA","2","2H:582673984"
"478","G138",21.29375,"AA|GG|AA|CC|TT|TT|TT|CC|CC|TT|CC|GG|TT|GG|GG|TT|TT|CC|TT|TT|TT|CC|TT|CC|GG|TT|CC|CC|AA|GG|GG|CC|AA","2","2H:582673984"
"479","G140",22.3628,"AA|GG|AA|CC|TT|TT|TT|CC|CC|TT|CC|GG|TT|GG|GG|TT|TT|CC|TT|TT|TT|CC|TT|CC|GG|TT|CC|CC|AA|GG|GG|CC|AA","2","2H:582673984"
"480","G141",22.81762,"AA|GG|AA|CC|TT|TT|TT|CC|CC|TT|CC|GG|TT|GG|GG|TT|TT|CC|TT|TT|TT|CC|TT|CC|GG|TT|CC|CC|AA|GG|GG|CC|AA","2","2H:582673984"
"481","G150",23.14237,"AA|GG|AA|CC|TT|TT|TT|CC|CC|TT|CC|GG|TT|GG|GG|TT|TT|CC|TT|TT|TT|CC|TT|CC|GG|TT|CC|CC|AA|GG|GG|CC|AA","2","2H:582673984"
"482","G153",29.90218,"AA|GG|AA|CC|TT|TT|TT|CC|CC|TT|CC|GG|TT|GG|GG|TT|TT|CC|TT|TT|TT|CC|TT|CC|GG|TT|CC|CC|AA|GG|GG|CC|AA","2","2H:582673984"
"483","G154",28.27727,"AA|GG|AA|CC|TT|TT|TT|CC|CC|TT|CC|GG|TT|GG|GG|TT|TT|CC|TT|TT|TT|CC|TT|CC|GG|TT|CC|CC|AA|GG|GG|CC|AA","2","2H:582673984"
"484","G156",24.09634,"AA|GG|AA|CC|TT|TT|TT|CC|CC|TT|CC|GG|TT|GG|GG|TT|TT|CC|TT|TT|TT|CC|TT|CC|GG|TT|CC|CC|AA|GG|GG|CC|AA","2","2H:582673984"
"485","G204",19.93747,"AA|GG|AA|CC|TT|TT|TT|CC|CC|TT|CC|GG|TT|GG|GG|TT|TT|CC|TT|TT|TT|CC|TT|CC|GG|TT|CC|CC|AA|GG|GG|CC|AA","2","2H:582673984"
"486","G205",21.7835,"AA|GG|AA|CC|TT|TT|TT|CC|CC|TT|CC|GG|TT|GG|GG|TT|TT|CC|TT|TT|TT|CC|TT|CC|GG|TT|CC|CC|AA|GG|GG|CC|AA","2","2H:582673984"
"487","G223",25.30052,"AA|GG|AA|CC|TT|TT|TT|CC|CC|TT|CC|GG|TT|GG|GG|TT|TT|CC|TT|TT|TT|CC|TT|CC|GG|TT|CC|CC|AA|GG|GG|CC|AA","2","2H:582673984"
"488","G231",23.91724,"AA|GG|AA|CC|TT|TT|TT|CC|CC|TT|CC|GG|TT|GG|GG|TT|TT|CC|TT|TT|TT|CC|TT|CC|GG|TT|CC|CC|AA|GG|GG|CC|AA","2","2H:582673984"
"489","G232",26.21343,"AA|GG|AA|CC|TT|TT|TT|CC|CC|TT|CC|GG|TT|GG|GG|TT|TT|CC|TT|TT|TT|CC|TT|CC|GG|TT|CC|CC|AA|GG|GG|CC|AA","2","2H:582673984"
"490","G240",21.16432,"AA|GG|AA|CC|TT|TT|TT|CC|CC|TT|CC|GG|TT|GG|GG|TT|TT|CC|TT|TT|TT|CC|TT|CC|GG|TT|CC|CC|AA|GG|GG|CC|AA","2","2H:582673984"
"491","G243",21.70276,"AA|GG|AA|CC|TT|TT|TT|CC|CC|TT|CC|GG|TT|GG|GG|TT|TT|CC|TT|TT|TT|CC|TT|CC|GG|TT|CC|CC|AA|GG|GG|CC|AA","2","2H:582673984"
"492","G245",21.2911,"AA|GG|AA|CC|TT|TT|TT|CC|CC|TT|CC|GG|TT|GG|GG|TT|TT|CC|TT|TT|TT|CC|TT|CC|GG|TT|CC|CC|AA|GG|GG|CC|AA","2","2H:582673984"
"493","G249",19.68853,"AA|GG|AA|CC|TT|TT|TT|CC|CC|TT|CC|GG|TT|GG|GG|TT|TT|CC|TT|TT|TT|CC|TT|CC|GG|TT|CC|CC|AA|GG|GG|CC|AA","2","2H:582673984"
"494","G251",24.08078,"AA|GG|AA|CC|TT|TT|TT|CC|CC|TT|CC|GG|TT|GG|GG|TT|TT|CC|TT|TT|TT|CC|TT|CC|GG|TT|CC|CC|AA|GG|GG|CC|AA","2","2H:582673984"
"495","G257",20.01306,"AA|GG|AA|CC|TT|TT|TT|CC|CC|TT|CC|GG|TT|GG|GG|TT|TT|CC|TT|TT|TT|CC|TT|CC|GG|TT|CC|CC|AA|GG|GG|CC|AA","2","2H:582673984"
"496","G258",20.5718,"AA|GG|AA|CC|TT|TT|TT|CC|CC|TT|CC|GG|TT|GG|GG|TT|TT|CC|TT|TT|TT|CC|TT|CC|GG|TT|CC|CC|AA|GG|GG|CC|AA","2","2H:582673984"
"497","G278",24.43277,"AA|GG|AA|CC|TT|TT|TT|CC|CC|TT|CC|GG|TT|GG|GG|TT|TT|CC|TT|TT|TT|CC|TT|CC|GG|TT|CC|CC|AA|GG|GG|CC|AA","2","2H:582673984"
"498","G314",27.26724,"AA|GG|AA|CC|TT|TT|TT|CC|CC|TT|CC|GG|TT|GG|GG|TT|TT|CC|TT|TT|TT|CC|TT|CC|GG|TT|CC|CC|AA|GG|GG|CC|AA","2","2H:582673984"
"499","G3",19.93612,"AA|GG|AA|CC|TT|TT|TT|CC|CC|TT|CC|GG|TT|GG|GG|TT|TT|CC|TT|TT|TT|CC|TT|CC|GG|TT|GG|TT|TT|AA|AA|GG|CC","3","2H:582673984"
"500","G12",21.53395,"AA|GG|AA|CC|TT|TT|TT|CC|CC|TT|CC|GG|TT|GG|GG|TT|TT|CC|TT|TT|TT|CC|TT|CC|GG|TT|GG|TT|TT|AA|AA|GG|CC","3","2H:582673984"
"501","G21",22.09289,"AA|GG|AA|CC|TT|TT|TT|CC|CC|TT|CC|GG|TT|GG|GG|TT|TT|CC|TT|TT|TT|CC|TT|CC|GG|TT|GG|TT|TT|AA|AA|GG|CC","3","2H:582673984"
"502","G25",22.76795,"AA|GG|AA|CC|TT|TT|TT|CC|CC|TT|CC|GG|TT|GG|GG|TT|TT|CC|TT|TT|TT|CC|TT|CC|GG|TT|GG|TT|TT|AA|AA|GG|CC","3","2H:582673984"
"503","G41",25.39371,"AA|GG|AA|CC|TT|TT|TT|CC|CC|TT|CC|GG|TT|GG|GG|TT|TT|CC|TT|TT|TT|CC|TT|CC|GG|TT|GG|TT|TT|AA|AA|GG|CC","3","2H:582673984"
"504","G42",22.38259,"AA|GG|AA|CC|TT|TT|TT|CC|CC|TT|CC|GG|TT|GG|GG|TT|TT|CC|TT|TT|TT|CC|TT|CC|GG|TT|GG|TT|TT|AA|AA|GG|CC","3","2H:582673984"
"505","G75",22.20819,"AA|GG|AA|CC|TT|TT|TT|CC|CC|TT|CC|GG|TT|GG|GG|TT|TT|CC|TT|TT|TT|CC|TT|CC|GG|TT|GG|TT|TT|AA|AA|GG|CC","3","2H:582673984"
"506","G77",20.64377,"AA|GG|AA|CC|TT|TT|TT|CC|CC|TT|CC|GG|TT|GG|GG|TT|TT|CC|TT|TT|TT|CC|TT|CC|GG|TT|GG|TT|TT|AA|AA|GG|CC","3","2H:582673984"
"507","G102",23.92129,"AA|GG|AA|CC|TT|TT|TT|CC|CC|TT|CC|GG|TT|GG|GG|TT|TT|CC|TT|TT|TT|CC|TT|CC|GG|TT|GG|TT|TT|AA|AA|GG|CC","3","2H:582673984"
"508","G109",24.34794,"AA|GG|AA|CC|TT|TT|TT|CC|CC|TT|CC|GG|TT|GG|GG|TT|TT|CC|TT|TT|TT|CC|TT|CC|GG|TT|GG|TT|TT|AA|AA|GG|CC","3","2H:582673984"
"509","G126",21.86295,"AA|GG|AA|CC|TT|TT|TT|CC|CC|TT|CC|GG|TT|GG|GG|TT|TT|CC|TT|TT|TT|CC|TT|CC|GG|TT|GG|TT|TT|AA|AA|GG|CC","3","2H:582673984"
"510","G129",22.01006,"AA|GG|AA|CC|TT|TT|TT|CC|CC|TT|CC|GG|TT|GG|GG|TT|TT|CC|TT|TT|TT|CC|TT|CC|GG|TT|GG|TT|TT|AA|AA|GG|CC","3","2H:582673984"
"511","G132",21.98551,"AA|GG|AA|CC|TT|TT|TT|CC|CC|TT|CC|GG|TT|GG|GG|TT|TT|CC|TT|TT|TT|CC|TT|CC|GG|TT|GG|TT|TT|AA|AA|GG|CC","3","2H:582673984"
"512","G135",22.23951,"AA|GG|AA|CC|TT|TT|TT|CC|CC|TT|CC|GG|TT|GG|GG|TT|TT|CC|TT|TT|TT|CC|TT|CC|GG|TT|GG|TT|TT|AA|AA|GG|CC","3","2H:582673984"
"513","G146",21.61163,"AA|GG|AA|CC|TT|TT|TT|CC|CC|TT|CC|GG|TT|GG|GG|TT|TT|CC|TT|TT|TT|CC|TT|CC|GG|TT|GG|TT|TT|AA|AA|GG|CC","3","2H:582673984"
"514","G147",23.6875,"AA|GG|AA|CC|TT|TT|TT|CC|CC|TT|CC|GG|TT|GG|GG|TT|TT|CC|TT|TT|TT|CC|TT|CC|GG|TT|GG|TT|TT|AA|AA|GG|CC","3","2H:582673984"
"515","G149",21.41569,"AA|GG|AA|CC|TT|TT|TT|CC|CC|TT|CC|GG|TT|GG|GG|TT|TT|CC|TT|TT|TT|CC|TT|CC|GG|TT|GG|TT|TT|AA|AA|GG|CC","3","2H:582673984"
"516","G216",25.42057,"AA|GG|AA|CC|TT|TT|TT|CC|CC|TT|CC|GG|TT|GG|GG|TT|TT|CC|TT|TT|TT|CC|TT|CC|GG|TT|GG|TT|TT|AA|AA|GG|CC","3","2H:582673984"
"517","G217",22.00663,"AA|GG|AA|CC|TT|TT|TT|CC|CC|TT|CC|GG|TT|GG|GG|TT|TT|CC|TT|TT|TT|CC|TT|CC|GG|TT|GG|TT|TT|AA|AA|GG|CC","3","2H:582673984"
"518","G219",22.68511,"AA|GG|AA|CC|TT|TT|TT|CC|CC|TT|CC|GG|TT|GG|GG|TT|TT|CC|TT|TT|TT|CC|TT|CC|GG|TT|GG|TT|TT|AA|AA|GG|CC","3","2H:582673984"
"519","G220",23.01147,"AA|GG|AA|CC|TT|TT|TT|CC|CC|TT|CC|GG|TT|GG|GG|TT|TT|CC|TT|TT|TT|CC|TT|CC|GG|TT|GG|TT|TT|AA|AA|GG|CC","3","2H:582673984"
"520","G221",21.79953,"AA|GG|AA|CC|TT|TT|TT|CC|CC|TT|CC|GG|TT|GG|GG|TT|TT|CC|TT|TT|TT|CC|TT|CC|GG|TT|GG|TT|TT|AA|AA|GG|CC","3","2H:582673984"
"521","G233",24.28866,"AA|GG|AA|CC|TT|TT|TT|CC|CC|TT|CC|GG|TT|GG|GG|TT|TT|CC|TT|TT|TT|CC|TT|CC|GG|TT|GG|TT|TT|AA|AA|GG|CC","3","2H:582673984"
"522","G241",18.63539,"AA|GG|AA|CC|TT|TT|TT|CC|CC|TT|CC|GG|TT|GG|GG|TT|TT|CC|TT|TT|TT|CC|TT|CC|GG|TT|GG|TT|TT|AA|AA|GG|CC","3","2H:582673984"
"523","G242",21.37174,"AA|GG|AA|CC|TT|TT|TT|CC|CC|TT|CC|GG|TT|GG|GG|TT|TT|CC|TT|TT|TT|CC|TT|CC|GG|TT|GG|TT|TT|AA|AA|GG|CC","3","2H:582673984"
"524","G246",21.63308,"AA|GG|AA|CC|TT|TT|TT|CC|CC|TT|CC|GG|TT|GG|GG|TT|TT|CC|TT|TT|TT|CC|TT|CC|GG|TT|GG|TT|TT|AA|AA|GG|CC","3","2H:582673984"
"525","G247",24.3878,"AA|GG|AA|CC|TT|TT|TT|CC|CC|TT|CC|GG|TT|GG|GG|TT|TT|CC|TT|TT|TT|CC|TT|CC|GG|TT|GG|TT|TT|AA|AA|GG|CC","3","2H:582673984"
"526","G250",19.43773,"AA|GG|AA|CC|TT|TT|TT|CC|CC|TT|CC|GG|TT|GG|GG|TT|TT|CC|TT|TT|TT|CC|TT|CC|GG|TT|GG|TT|TT|AA|AA|GG|CC","3","2H:582673984"
"527","G252",22.08283,"AA|GG|AA|CC|TT|TT|TT|CC|CC|TT|CC|GG|TT|GG|GG|TT|TT|CC|TT|TT|TT|CC|TT|CC|GG|TT|GG|TT|TT|AA|AA|GG|CC","3","2H:582673984"
"528","G253",21.79992,"AA|GG|AA|CC|TT|TT|TT|CC|CC|TT|CC|GG|TT|GG|GG|TT|TT|CC|TT|TT|TT|CC|TT|CC|GG|TT|GG|TT|TT|AA|AA|GG|CC","3","2H:582673984"
"529","G259",23.29905,"AA|GG|AA|CC|TT|TT|TT|CC|CC|TT|CC|GG|TT|GG|GG|TT|TT|CC|TT|TT|TT|CC|TT|CC|GG|TT|GG|TT|TT|AA|AA|GG|CC","3","2H:582673984"
"530","G261",25.37573,"AA|GG|AA|CC|TT|TT|TT|CC|CC|TT|CC|GG|TT|GG|GG|TT|TT|CC|TT|TT|TT|CC|TT|CC|GG|TT|GG|TT|TT|AA|AA|GG|CC","3","2H:582673984"
"531","G262",24.98447,"AA|GG|AA|CC|TT|TT|TT|CC|CC|TT|CC|GG|TT|GG|GG|TT|TT|CC|TT|TT|TT|CC|TT|CC|GG|TT|GG|TT|TT|AA|AA|GG|CC","3","2H:582673984"
"532","G265",21.82168,"AA|GG|AA|CC|TT|TT|TT|CC|CC|TT|CC|GG|TT|GG|GG|TT|TT|CC|TT|TT|TT|CC|TT|CC|GG|TT|GG|TT|TT|AA|AA|GG|CC","3","2H:582673984"
"533","G269",24.80703,"AA|GG|AA|CC|TT|TT|TT|CC|CC|TT|CC|GG|TT|GG|GG|TT|TT|CC|TT|TT|TT|CC|TT|CC|GG|TT|GG|TT|TT|AA|AA|GG|CC","3","2H:582673984"
"534","G270",24.05777,"AA|GG|AA|CC|TT|TT|TT|CC|CC|TT|CC|GG|TT|GG|GG|TT|TT|CC|TT|TT|TT|CC|TT|CC|GG|TT|GG|TT|TT|AA|AA|GG|CC","3","2H:582673984"
"535","G271",24.42248,"AA|GG|AA|CC|TT|TT|TT|CC|CC|TT|CC|GG|TT|GG|GG|TT|TT|CC|TT|TT|TT|CC|TT|CC|GG|TT|GG|TT|TT|AA|AA|GG|CC","3","2H:582673984"
"536","G274",22.86778,"AA|GG|AA|CC|TT|TT|TT|CC|CC|TT|CC|GG|TT|GG|GG|TT|TT|CC|TT|TT|TT|CC|TT|CC|GG|TT|GG|TT|TT|AA|AA|GG|CC","3","2H:582673984"
"537","G275",26.05617,"AA|GG|AA|CC|TT|TT|TT|CC|CC|TT|CC|GG|TT|GG|GG|TT|TT|CC|TT|TT|TT|CC|TT|CC|GG|TT|GG|TT|TT|AA|AA|GG|CC","3","2H:582673984"
"538","G279",23.21165,"AA|GG|AA|CC|TT|TT|TT|CC|CC|TT|CC|GG|TT|GG|GG|TT|TT|CC|TT|TT|TT|CC|TT|CC|GG|TT|GG|TT|TT|AA|AA|GG|CC","3","2H:582673984"
"539","G281",22.72305,"AA|GG|AA|CC|TT|TT|TT|CC|CC|TT|CC|GG|TT|GG|GG|TT|TT|CC|TT|TT|TT|CC|TT|CC|GG|TT|GG|TT|TT|AA|AA|GG|CC","3","2H:582673984"
"540","G282",26.11562,"AA|GG|AA|CC|TT|TT|TT|CC|CC|TT|CC|GG|TT|GG|GG|TT|TT|CC|TT|TT|TT|CC|TT|CC|GG|TT|GG|TT|TT|AA|AA|GG|CC","3","2H:582673984"
"541","G283",24.45398,"AA|GG|AA|CC|TT|TT|TT|CC|CC|TT|CC|GG|TT|GG|GG|TT|TT|CC|TT|TT|TT|CC|TT|CC|GG|TT|GG|TT|TT|AA|AA|GG|CC","3","2H:582673984"
"542","G309",21.1899,"AA|GG|AA|CC|TT|TT|TT|CC|CC|TT|CC|GG|TT|GG|GG|TT|TT|CC|TT|TT|TT|CC|TT|CC|GG|TT|GG|TT|TT|AA|AA|GG|CC","3","2H:582673984"
"543","G3",19.93612,"None","0","2H:580548473"
"544","G4",23.32083,"None","0","2H:580548473"
"545","G5",19.54859,"None","0","2H:580548473"
"546","G8",24.15301,"None","0","2H:580548473"
"547","G9",22.52751,"None","0","2H:580548473"
"548","G13",19.26368,"None","0","2H:580548473"
"549","G15",17.48008,"None","0","2H:580548473"
"550","G17",24.0248,"None","0","2H:580548473"
"551","G18",22.31159,"None","0","2H:580548473"
"552","G22",31.1648,"None","0","2H:580548473"
"553","G25",22.76795,"None","0","2H:580548473"
"554","G27",26.71765,"None","0","2H:580548473"
"555","G30",23.78639,"None","0","2H:580548473"
"556","G34",22.19739,"None","0","2H:580548473"
"557","G38",26.7845,"None","0","2H:580548473"
"558","G39",20.2729,"None","0","2H:580548473"
"559","G41",25.39371,"None","0","2H:580548473"
"560","G43",24.34155,"None","0","2H:580548473"
"561","G44",20.60255,"None","0","2H:580548473"
"562","G45",26.83013,"None","0","2H:580548473"
"563","G46",21.68197,"None","0","2H:580548473"
"564","G47",23.70208,"None","0","2H:580548473"
"565","G51",20.36825,"None","0","2H:580548473"
"566","G52",21.05676,"None","0","2H:580548473"
"567","G53",19.49794,"None","0","2H:580548473"
"568","G54",22.52677,"None","0","2H:580548473"
"569","G55",20.84079,"None","0","2H:580548473"
"570","G57",27.94177,"None","0","2H:580548473"
"571","G59",22.56717,"None","0","2H:580548473"
"572","G60",22.28642,"None","0","2H:580548473"
"573","G61",24.42887,"None","0","2H:580548473"
"574","G62",23.66343,"None","0","2H:580548473"
"575","G64",18.38015,"None","0","2H:580548473"
"576","G66",24.01184,"None","0","2H:580548473"
"577","G67",25.88545,"None","0","2H:580548473"
"578","G68",25.37264,"None","0","2H:580548473"
"579","G71",18.35576,"None","0","2H:580548473"
"580","G72",23.48201,"None","0","2H:580548473"
"581","G74",21.75054,"None","0","2H:580548473"
"582","G75",22.20819,"None","0","2H:580548473"
"583","G77",20.64377,"None","0","2H:580548473"
"584","G80",23.40869,"None","0","2H:580548473"
"585","G83",23.3449,"None","0","2H:580548473"
"586","G86",22.96864,"None","0","2H:580548473"
"587","G88",23.74322,"None","0","2H:580548473"
"588","G90",22.7644,"None","0","2H:580548473"
"589","G94",24.81785,"None","0","2H:580548473"
"590","G99",26.11791,"None","0","2H:580548473"
"591","G100",22.29833,"None","0","2H:580548473"
"592","G101",19.93417,"None","0","2H:580548473"
"593","G102",23.92129,"None","0","2H:580548473"
"594","G103",25.2111,"None","0","2H:580548473"
"595","G104",24.36128,"None","0","2H:580548473"
"596","G105",24.06825,"None","0","2H:580548473"
"597","G106",25.61894,"None","0","2H:580548473"
"598","G108",19.64525,"None","0","2H:580548473"
"599","G110",28.96363,"None","0","2H:580548473"
"600","G111",28.52344,"None","0","2H:580548473"
"601","G112",19.95238,"None","0","2H:580548473"
"602","G113",26.15121,"None","0","2H:580548473"
"603","G114",24.21481,"None","0","2H:580548473"
"604","G115",24.04039,"None","0","2H:580548473"
"605","G116",20.89212,"None","0","2H:580548473"
"606","G117",20.3125,"None","0","2H:580548473"
"607","G118",24.97284,"None","0","2H:580548473"
"608","G125",24.54999,"None","0","2H:580548473"
"609","G126",21.86295,"None","0","2H:580548473"
"610","G128",22.03227,"None","0","2H:580548473"
"611","G129",22.01006,"None","0","2H:580548473"
"612","G130",24.54955,"None","0","2H:580548473"
"613","G132",21.98551,"None","0","2H:580548473"
"614","G133",20.26776,"None","0","2H:580548473"
"615","G134",23.37856,"None","0","2H:580548473"
"616","G135",22.23951,"None","0","2H:580548473"
"617","G142",19.55423,"None","0","2H:580548473"
"618","G143",18.3469,"None","0","2H:580548473"
"619","G144",20.18378,"None","0","2H:580548473"
"620","G148",23.50036,"None","0","2H:580548473"
"621","G151",24.30629,"None","0","2H:580548473"
"622","G152",24.49588,"None","0","2H:580548473"
"623","G153",29.90218,"None","0","2H:580548473"
"624","G155",22.73793,"None","0","2H:580548473"
"625","G157",20.84918,"None","0","2H:580548473"
"626","G158",23.83787,"None","0","2H:580548473"
"627","G161",19.76787,"None","0","2H:580548473"
"628","G163",21.88774,"None","0","2H:580548473"
"629","G164",20.38232,"None","0","2H:580548473"
"630","G165",21.59656,"None","0","2H:580548473"
"631","G167",24.13836,"None","0","2H:580548473"
"632","G168",25.39961,"None","0","2H:580548473"
"633","G169",19.99307,"None","0","2H:580548473"
"634","G170",25.55701,"None","0","2H:580548473"
"635","G172",18.07362,"None","0","2H:580548473"
"636","G173",18.98188,"None","0","2H:580548473"
"637","G174",22.56185,"None","0","2H:580548473"
"638","G175",24.94921,"None","0","2H:580548473"
"639","G176",22.56311,"None","0","2H:580548473"
"640","G177",27.20277,"None","0","2H:580548473"
"641","G180",27.30487,"None","0","2H:580548473"
"642","G181",25.69306,"None","0","2H:580548473"
"643","G182",29.84108,"None","0","2H:580548473"
"644","G183",28.66612,"None","0","2H:580548473"
"645","G184",26.33494,"None","0","2H:580548473"
"646","G186",25.95314,"None","0","2H:580548473"
"647","G187",28.70198,"None","0","2H:580548473"
"648","G191",21.43564,"None","0","2H:580548473"
"649","G195",21.00274,"None","0","2H:580548473"
"650","G199",22.95815,"None","0","2H:580548473"
"651","G201",22.24142,"None","0","2H:580548473"
"652","G202",29.00766,"None","0","2H:580548473"
"653","G205",21.7835,"None","0","2H:580548473"
"654","G207",25.59333,"None","0","2H:580548473"
"655","G211",28.31159,"None","0","2H:580548473"
"656","G215",23.49388,"None","0","2H:580548473"
"657","G216",25.42057,"None","0","2H:580548473"
"658","G217",22.00663,"None","0","2H:580548473"
"659","G219",22.68511,"None","0","2H:580548473"
"660","G221",21.79953,"None","0","2H:580548473"
"661","G222",26.62316,"None","0","2H:580548473"
"662","G223",25.30052,"None","0","2H:580548473"
"663","G224",20.20812,"None","0","2H:580548473"
"664","G231",23.91724,"None","0","2H:580548473"
"665","G232",26.21343,"None","0","2H:580548473"
"666","G233",24.28866,"None","0","2H:580548473"
"667","G234",23.31223,"None","0","2H:580548473"
"668","G246",21.63308,"None","0","2H:580548473"
"669","G248",21.22922,"None","0","2H:580548473"
"670","G250",19.43773,"None","0","2H:580548473"
"671","G251",24.08078,"None","0","2H:580548473"
"672","G253",21.79992,"None","0","2H:580548473"
"673","G255",28.40349,"None","0","2H:580548473"
"674","G256",26.68488,"None","0","2H:580548473"
"675","G259",23.29905,"None","0","2H:580548473"
"676","G260",23.96823,"None","0","2H:580548473"
"677","G261",25.37573,"None","0","2H:580548473"
"678","G262",24.98447,"None","0","2H:580548473"
"679","G263",23.79806,"None","0","2H:580548473"
"680","G264",24.81622,"None","0","2H:580548473"
"681","G265",21.82168,"None","0","2H:580548473"
"682","G266",22.92131,"None","0","2H:580548473"
"683","G267",23.32122,"None","0","2H:580548473"
"684","G268",25.24806,"None","0","2H:580548473"
"685","G269",24.80703,"None","0","2H:580548473"
"686","G270",24.05777,"None","0","2H:580548473"
"687","G271",24.42248,"None","0","2H:580548473"
"688","G272",23.91018,"None","0","2H:580548473"
"689","G273",20.56283,"None","0","2H:580548473"
"690","G274",22.86778,"None","0","2H:580548473"
"691","G275",26.05617,"None","0","2H:580548473"
"692","G276",27.19841,"None","0","2H:580548473"
"693","G277",25.28839,"None","0","2H:580548473"
"694","G279",23.21165,"None","0","2H:580548473"
"695","G280",26.03816,"None","0","2H:580548473"
"696","G281",22.72305,"None","0","2H:580548473"
"697","G282",26.11562,"None","0","2H:580548473"
"698","G283",24.45398,"None","0","2H:580548473"
"699","G286",25.61038,"None","0","2H:580548473"
"700","G287",26.6317,"None","0","2H:580548473"
"701","G288",26.69294,"None","0","2H:580548473"
"702","G290",26.40152,"None","0","2H:580548473"
"703","G291",23.14703,"None","0","2H:580548473"
"704","G292",20.08106,"None","0","2H:580548473"
"705","G293",25.37291,"None","0","2H:580548473"
"706","G295",23.31748,"None","0","2H:580548473"
"707","G297",21.00525,"None","0","2H:580548473"
"708","G298",21.09422,"None","0","2H:580548473"
"709","G303",21.70223,"None","0","2H:580548473"
"710","G306",27.18422,"None","0","2H:580548473"
"711","G307",21.69367,"None","0","2H:580548473"
"712","G309",21.1899,"None","0","2H:580548473"
"713","G314",27.26724,"None","0","2H:580548473"
"714","G316",23.26561,"None","0","2H:580548473"
"715","G317",15.57887,"None","0","2H:580548473"
"716","G318",23.43454,"None","0","2H:580548473"
"717","G3",19.93612,"None","0","2H:580550249"
"718","G4",23.32083,"None","0","2H:580550249"
"719","G5",19.54859,"None","0","2H:580550249"
"720","G8",24.15301,"None","0","2H:580550249"
"721","G9",22.52751,"None","0","2H:580550249"
"722","G13",19.26368,"None","0","2H:580550249"
"723","G15",17.48008,"None","0","2H:580550249"
"724","G17",24.0248,"None","0","2H:580550249"
"725","G18",22.31159,"None","0","2H:580550249"
"726","G22",31.1648,"None","0","2H:580550249"
"727","G25",22.76795,"None","0","2H:580550249"
"728","G27",26.71765,"None","0","2H:580550249"
"729","G30",23.78639,"None","0","2H:580550249"
"730","G34",22.19739,"None","0","2H:580550249"
"731","G38",26.7845,"None","0","2H:580550249"
"732","G39",20.2729,"None","0","2H:580550249"
"733","G41",25.39371,"None","0","2H:580550249"
"734","G43",24.34155,"None","0","2H:580550249"
"735","G44",20.60255,"None","0","2H:580550249"
"736","G45",26.83013,"None","0","2H:580550249"
"737","G46",21.68197,"None","0","2H:580550249"
"738","G47",23.70208,"None","0","2H:580550249"
"739","G51",20.36825,"None","0","2H:580550249"
"740","G52",21.05676,"None","0","2H:580550249"
"741","G53",19.49794,"None","0","2H:580550249"
"742","G54",22.52677,"None","0","2H:580550249"
"743","G55",20.84079,"None","0","2H:580550249"
"744","G57",27.94177,"None","0","2H:580550249"
"745","G59",22.56717,"None","0","2H:580550249"
"746","G60",22.28642,"None","0","2H:580550249"
"747","G61",24.42887,"None","0","2H:580550249"
"748","G62",23.66343,"None","0","2H:580550249"
"749","G64",18.38015,"None","0","2H:580550249"
"750","G66",24.01184,"None","0","2H:580550249"
"751","G67",25.88545,"None","0","2H:580550249"
"752","G68",25.37264,"None","0","2H:580550249"
"753","G71",18.35576,"None","0","2H:580550249"
"754","G72",23.48201,"None","0","2H:580550249"
"755","G74",21.75054,"None","0","2H:580550249"
"756","G75",22.20819,"None","0","2H:580550249"
"757","G77",20.64377,"None","0","2H:580550249"
"758","G80",23.40869,"None","0","2H:580550249"
"759","G83",23.3449,"None","0","2H:580550249"
"760","G86",22.96864,"None","0","2H:580550249"
"761","G88",23.74322,"None","0","2H:580550249"
"762","G90",22.7644,"None","0","2H:580550249"
"763","G94",24.81785,"None","0","2H:580550249"
"764","G99",26.11791,"None","0","2H:580550249"
"765","G100",22.29833,"None","0","2H:580550249"
"766","G101",19.93417,"None","0","2H:580550249"
"767","G102",23.92129,"None","0","2H:580550249"
"768","G103",25.2111,"None","0","2H:580550249"
"769","G104",24.36128,"None","0","2H:580550249"
"770","G105",24.06825,"None","0","2H:580550249"
"771","G106",25.61894,"None","0","2H:580550249"
"772","G108",19.64525,"None","0","2H:580550249"
"773","G110",28.96363,"None","0","2H:580550249"
"774","G111",28.52344,"None","0","2H:580550249"
"775","G112",19.95238,"None","0","2H:580550249"
"776","G113",26.15121,"None","0","2H:580550249"
"777","G114",24.21481,"None","0","2H:580550249"
"778","G115",24.04039,"None","0","2H:580550249"
"779","G116",20.89212,"None","0","2H:580550249"
"780","G117",20.3125,"None","0","2H:580550249"
"781","G118",24.97284,"None","0","2H:580550249"
"782","G125",24.54999,"None","0","2H:580550249"
"783","G126",21.86295,"None","0","2H:580550249"
"784","G128",22.03227,"None","0","2H:580550249"
"785","G129",22.01006,"None","0","2H:580550249"
"786","G130",24.54955,"None","0","2H:580550249"
"787","G132",21.98551,"None","0","2H:580550249"
"788","G133",20.26776,"None","0","2H:580550249"
"789","G134",23.37856,"None","0","2H:580550249"
"790","G135",22.23951,"None","0","2H:580550249"
"791","G142",19.55423,"None","0","2H:580550249"
"792","G143",18.3469,"None","0","2H:580550249"
"793","G144",20.18378,"None","0","2H:580550249"
"794","G148",23.50036,"None","0","2H:580550249"
"795","G151",24.30629,"None","0","2H:580550249"
"796","G152",24.49588,"None","0","2H:580550249"
"797","G153",29.90218,"None","0","2H:580550249"
"798","G155",22.73793,"None","0","2H:580550249"
"799","G157",20.84918,"None","0","2H:580550249"
"800","G158",23.83787,"None","0","2H:580550249"
"801","G161",19.76787,"None","0","2H:580550249"
"802","G163",21.88774,"None","0","2H:580550249"
"803","G164",20.38232,"None","0","2H:580550249"
"804","G165",21.59656,"None","0","2H:580550249"
"805","G167",24.13836,"None","0","2H:580550249"
"806","G168",25.39961,"None","0","2H:580550249"
"807","G169",19.99307,"None","0","2H:580550249"
"808","G170",25.55701,"None","0","2H:580550249"
"809","G172",18.07362,"None","0","2H:580550249"
"810","G173",18.98188,"None","0","2H:580550249"
"811","G174",22.56185,"None","0","2H:580550249"
"812","G175",24.94921,"None","0","2H:580550249"
"813","G176",22.56311,"None","0","2H:580550249"
"814","G177",27.20277,"None","0","2H:580550249"
"815","G180",27.30487,"None","0","2H:580550249"
"816","G181",25.69306,"None","0","2H:580550249"
"817","G182",29.84108,"None","0","2H:580550249"
"818","G183",28.66612,"None","0","2H:580550249"
"819","G184",26.33494,"None","0","2H:580550249"
"820","G186",25.95314,"None","0","2H:580550249"
"821","G187",28.70198,"None","0","2H:580550249"
"822","G191",21.43564,"None","0","2H:580550249"
"823","G195",21.00274,"None","0","2H:580550249"
"824","G199",22.95815,"None","0","2H:580550249"
"825","G201",22.24142,"None","0","2H:580550249"
"826","G202",29.00766,"None","0","2H:580550249"
"827","G205",21.7835,"None","0","2H:580550249"
"828","G207",25.59333,"None","0","2H:580550249"
"829","G211",28.31159,"None","0","2H:580550249"
"830","G215",23.49388,"None","0","2H:580550249"
"831","G216",25.42057,"None","0","2H:580550249"
"832","G217",22.00663,"None","0","2H:580550249"
"833","G219",22.68511,"None","0","2H:580550249"
"834","G221",21.79953,"None","0","2H:580550249"
"835","G222",26.62316,"None","0","2H:580550249"
"836","G223",25.30052,"None","0","2H:580550249"
"837","G224",20.20812,"None","0","2H:580550249"
"838","G231",23.91724,"None","0","2H:580550249"
"839","G232",26.21343,"None","0","2H:580550249"
"840","G233",24.28866,"None","0","2H:580550249"
"841","G234",23.31223,"None","0","2H:580550249"
"842","G246",21.63308,"None","0","2H:580550249"
"843","G248",21.22922,"None","0","2H:580550249"
"844","G250",19.43773,"None","0","2H:580550249"
"845","G251",24.08078,"None","0","2H:580550249"
"846","G253",21.79992,"None","0","2H:580550249"
"847","G255",28.40349,"None","0","2H:580550249"
"848","G256",26.68488,"None","0","2H:580550249"
"849","G259",23.29905,"None","0","2H:580550249"
"850","G260",23.96823,"None","0","2H:580550249"
"851","G261",25.37573,"None","0","2H:580550249"
"852","G262",24.98447,"None","0","2H:580550249"
"853","G263",23.79806,"None","0","2H:580550249"
"854","G264",24.81622,"None","0","2H:580550249"
"855","G265",21.82168,"None","0","2H:580550249"
"856","G266",22.92131,"None","0","2H:580550249"
"857","G267",23.32122,"None","0","2H:580550249"
"858","G268",25.24806,"None","0","2H:580550249"
"859","G269",24.80703,"None","0","2H:580550249"
"860","G270",24.05777,"None","0","2H:580550249"
"861","G271",24.42248,"None","0","2H:580550249"
"862","G272",23.91018,"None","0","2H:580550249"
"863","G273",20.56283,"None","0","2H:580550249"
"864","G274",22.86778,"None","0","2H:580550249"
"865","G275",26.05617,"None","0","2H:580550249"
"866","G276",27.19841,"None","0","2H:580550249"
"867","G277",25.28839,"None","0","2H:580550249"
"868","G279",23.21165,"None","0","2H:580550249"
"869","G280",26.03816,"None","0","2H:580550249"
"870","G281",22.72305,"None","0","2H:580550249"
"871","G282",26.11562,"None","0","2H:580550249"
"872","G283",24.45398,"None","0","2H:580550249"
"873","G286",25.61038,"None","0","2H:580550249"
"874","G287",26.6317,"None","0","2H:580550249"
"875","G288",26.69294,"None","0","2H:580550249"
"876","G290",26.40152,"None","0","2H:580550249"
"877","G291",23.14703,"None","0","2H:580550249"
"878","G292",20.08106,"None","0","2H:580550249"
"879","G293",25.37291,"None","0","2H:580550249"
"880","G295",23.31748,"None","0","2H:580550249"
"881","G297",21.00525,"None","0","2H:580550249"
"882","G298",21.09422,"None","0","2H:580550249"
"883","G303",21.70223,"None","0","2H:580550249"
"884","G306",27.18422,"None","0","2H:580550249"
"885","G307",21.69367,"None","0","2H:580550249"
"886","G309",21.1899,"None","0","2H:580550249"
"887","G314",27.26724,"None","0","2H:580550249"
"888","G316",23.26561,"None","0","2H:580550249"
"889","G317",15.57887,"None","0","2H:580550249"
"890","G318",23.43454,"None","0","2H:580550249"
"891","G3",19.93612,"None","0","2H:581003787"
"892","G4",23.32083,"None","0","2H:581003787"
"893","G5",19.54859,"None","0","2H:581003787"
"894","G8",24.15301,"None","0","2H:581003787"
"895","G9",22.52751,"None","0","2H:581003787"
"896","G17",24.0248,"None","0","2H:581003787"
"897","G18",22.31159,"None","0","2H:581003787"
"898","G22",31.1648,"None","0","2H:581003787"
"899","G25",22.76795,"None","0","2H:581003787"
"900","G27",26.71765,"None","0","2H:581003787"
"901","G30",23.78639,"None","0","2H:581003787"
"902","G34",22.19739,"None","0","2H:581003787"
"903","G38",26.7845,"None","0","2H:581003787"
"904","G39",20.2729,"None","0","2H:581003787"
"905","G41",25.39371,"None","0","2H:581003787"
"906","G43",24.34155,"None","0","2H:581003787"
"907","G44",20.60255,"None","0","2H:581003787"
"908","G45",26.83013,"None","0","2H:581003787"
"909","G46",21.68197,"None","0","2H:581003787"
"910","G51",20.36825,"None","0","2H:581003787"
"911","G52",21.05676,"None","0","2H:581003787"
"912","G53",19.49794,"None","0","2H:581003787"
"913","G54",22.52677,"None","0","2H:581003787"
"914","G55",20.84079,"None","0","2H:581003787"
"915","G57",27.94177,"None","0","2H:581003787"
"916","G59",22.56717,"None","0","2H:581003787"
"917","G60",22.28642,"None","0","2H:581003787"
"918","G61",24.42887,"None","0","2H:581003787"
"919","G62",23.66343,"None","0","2H:581003787"
"920","G64",18.38015,"None","0","2H:581003787"
"921","G67",25.88545,"None","0","2H:581003787"
"922","G68",25.37264,"None","0","2H:581003787"
"923","G70",21.92482,"None","0","2H:581003787"
"924","G72",23.48201,"None","0","2H:581003787"
"925","G74",21.75054,"None","0","2H:581003787"
"926","G75",22.20819,"None","0","2H:581003787"
"927","G77",20.64377,"None","0","2H:581003787"
"928","G80",23.40869,"None","0","2H:581003787"
"929","G83",23.3449,"None","0","2H:581003787"
"930","G88",23.74322,"None","0","2H:581003787"
"931","G90",22.7644,"None","0","2H:581003787"
"932","G99",26.11791,"None","0","2H:581003787"
"933","G100",22.29833,"None","0","2H:581003787"
"934","G101",19.93417,"None","0","2H:581003787"
"935","G102",23.92129,"None","0","2H:581003787"
"936","G103",25.2111,"None","0","2H:581003787"
"937","G104",24.36128,"None","0","2H:581003787"
"938","G105",24.06825,"None","0","2H:581003787"
"939","G106",25.61894,"None","0","2H:581003787"
"940","G108",19.64525,"None","0","2H:581003787"
"941","G110",28.96363,"None","0","2H:581003787"
"942","G111",28.52344,"None","0","2H:581003787"
"943","G112",19.95238,"None","0","2H:581003787"
"944","G113",26.15121,"None","0","2H:581003787"
"945","G114",24.21481,"None","0","2H:581003787"
"946","G115",24.04039,"None","0","2H:581003787"
"947","G116",20.89212,"None","0","2H:581003787"
"948","G117",20.3125,"None","0","2H:581003787"
"949","G118",24.97284,"None","0","2H:581003787"
"950","G125",24.54999,"None","0","2H:581003787"
"951","G126",21.86295,"None","0","2H:581003787"
"952","G128",22.03227,"None","0","2H:581003787"
"953","G129",22.01006,"None","0","2H:581003787"
"954","G130",24.54955,"None","0","2H:581003787"
"955","G132",21.98551,"None","0","2H:581003787"
"956","G133",20.26776,"None","0","2H:581003787"
"957","G134",23.37856,"None","0","2H:581003787"
"958","G135",22.23951,"None","0","2H:581003787"
"959","G142",19.55423,"None","0","2H:581003787"
"960","G143",18.3469,"None","0","2H:581003787"
"961","G144",20.18378,"None","0","2H:581003787"
"962","G148",23.50036,"None","0","2H:581003787"
"963","G151",24.30629,"None","0","2H:581003787"
"964","G152",24.49588,"None","0","2H:581003787"
"965","G153",29.90218,"None","0","2H:581003787"
"966","G155",22.73793,"None","0","2H:581003787"
"967","G157",20.84918,"None","0","2H:581003787"
"968","G158",23.83787,"None","0","2H:581003787"
"969","G161",19.76787,"None","0","2H:581003787"
"970","G163",21.88774,"None","0","2H:581003787"
"971","G164",20.38232,"None","0","2H:581003787"
"972","G165",21.59656,"None","0","2H:581003787"
"973","G167",24.13836,"None","0","2H:581003787"
"974","G168",25.39961,"None","0","2H:581003787"
"975","G170",25.55701,"None","0","2H:581003787"
"976","G172",18.07362,"None","0","2H:581003787"
"977","G173",18.98188,"None","0","2H:581003787"
"978","G174",22.56185,"None","0","2H:581003787"
"979","G175",24.94921,"None","0","2H:581003787"
"980","G176",22.56311,"None","0","2H:581003787"
"981","G177",27.20277,"None","0","2H:581003787"
"982","G180",27.30487,"None","0","2H:581003787"
"983","G181",25.69306,"None","0","2H:581003787"
"984","G182",29.84108,"None","0","2H:581003787"
"985","G183",28.66612,"None","0","2H:581003787"
"986","G184",26.33494,"None","0","2H:581003787"
"987","G186",25.95314,"None","0","2H:581003787"
"988","G187",28.70198,"None","0","2H:581003787"
"989","G191",21.43564,"None","0","2H:581003787"
"990","G199",22.95815,"None","0","2H:581003787"
"991","G201",22.24142,"None","0","2H:581003787"
"992","G202",29.00766,"None","0","2H:581003787"
"993","G205",21.7835,"None","0","2H:581003787"
"994","G207",25.59333,"None","0","2H:581003787"
"995","G211",28.31159,"None","0","2H:581003787"
"996","G215",23.49388,"None","0","2H:581003787"
"997","G216",25.42057,"None","0","2H:581003787"
"998","G217",22.00663,"None","0","2H:581003787"
"999","G219",22.68511,"None","0","2H:581003787"
"1000","G221",21.79953,"None","0","2H:581003787"
"1001","G222",26.62316,"None","0","2H:581003787"
"1002","G224",20.20812,"None","0","2H:581003787"
"1003","G231",23.91724,"None","0","2H:581003787"
"1004","G232",26.21343,"None","0","2H:581003787"
"1005","G233",24.28866,"None","0","2H:581003787"
"1006","G234",23.31223,"None","0","2H:581003787"
"1007","G246",21.63308,"None","0","2H:581003787"
"1008","G248",21.22922,"None","0","2H:581003787"
"1009","G250",19.43773,"None","0","2H:581003787"
"1010","G251",24.08078,"None","0","2H:581003787"
"1011","G253",21.79992,"None","0","2H:581003787"
"1012","G255",28.40349,"None","0","2H:581003787"
"1013","G256",26.68488,"None","0","2H:581003787"
"1014","G259",23.29905,"None","0","2H:581003787"
"1015","G260",23.96823,"None","0","2H:581003787"
"1016","G261",25.37573,"None","0","2H:581003787"
"1017","G262",24.98447,"None","0","2H:581003787"
"1018","G263",23.79806,"None","0","2H:581003787"
"1019","G264",24.81622,"None","0","2H:581003787"
"1020","G265",21.82168,"None","0","2H:581003787"
"1021","G266",22.92131,"None","0","2H:581003787"
"1022","G267",23.32122,"None","0","2H:581003787"
"1023","G268",25.24806,"None","0","2H:581003787"
"1024","G269",24.80703,"None","0","2H:581003787"
"1025","G270",24.05777,"None","0","2H:581003787"
"1026","G271",24.42248,"None","0","2H:581003787"
"1027","G272",23.91018,"None","0","2H:581003787"
"1028","G273",20.56283,"None","0","2H:581003787"
"1029","G274",22.86778,"None","0","2H:581003787"
"1030","G275",26.05617,"None","0","2H:581003787"
"1031","G276",27.19841,"None","0","2H:581003787"
"1032","G277",25.28839,"None","0","2H:581003787"
"1033","G279",23.21165,"None","0","2H:581003787"
"1034","G280",26.03816,"None","0","2H:581003787"
"1035","G281",22.72305,"None","0","2H:581003787"
"1036","G282",26.11562,"None","0","2H:581003787"
"1037","G283",24.45398,"None","0","2H:581003787"
"1038","G286",25.61038,"None","0","2H:581003787"
"1039","G287",26.6317,"None","0","2H:581003787"
"1040","G290",26.40152,"None","0","2H:581003787"
"1041","G291",23.14703,"None","0","2H:581003787"
"1042","G292",20.08106,"None","0","2H:581003787"
"1043","G295",23.31748,"None","0","2H:581003787"
"1044","G297",21.00525,"None","0","2H:581003787"
"1045","G298",21.09422,"None","0","2H:581003787"
"1046","G300",21.29525,"None","0","2H:581003787"
"1047","G303",21.70223,"None","0","2H:581003787"
"1048","G306",27.18422,"None","0","2H:581003787"
"1049","G307",21.69367,"None","0","2H:581003787"
"1050","G309",21.1899,"None","0","2H:581003787"
"1051","G314",27.26724,"None","0","2H:581003787"
"1052","G316",23.26561,"None","0","2H:581003787"
"1053","G318",23.43454,"None","0","2H:581003787"
"1054","G3",19.93612,"None","0","2H:581007791"
"1055","G4",23.32083,"None","0","2H:581007791"
"1056","G5",19.54859,"None","0","2H:581007791"
"1057","G8",24.15301,"None","0","2H:581007791"
"1058","G9",22.52751,"None","0","2H:581007791"
"1059","G17",24.0248,"None","0","2H:581007791"
"1060","G18",22.31159,"None","0","2H:581007791"
"1061","G22",31.1648,"None","0","2H:581007791"
"1062","G25",22.76795,"None","0","2H:581007791"
"1063","G27",26.71765,"None","0","2H:581007791"
"1064","G30",23.78639,"None","0","2H:581007791"
"1065","G34",22.19739,"None","0","2H:581007791"
"1066","G38",26.7845,"None","0","2H:581007791"
"1067","G39",20.2729,"None","0","2H:581007791"
"1068","G41",25.39371,"None","0","2H:581007791"
"1069","G43",24.34155,"None","0","2H:581007791"
"1070","G44",20.60255,"None","0","2H:581007791"
"1071","G45",26.83013,"None","0","2H:581007791"
"1072","G46",21.68197,"None","0","2H:581007791"
"1073","G51",20.36825,"None","0","2H:581007791"
"1074","G52",21.05676,"None","0","2H:581007791"
"1075","G53",19.49794,"None","0","2H:581007791"
"1076","G54",22.52677,"None","0","2H:581007791"
"1077","G55",20.84079,"None","0","2H:581007791"
"1078","G57",27.94177,"None","0","2H:581007791"
"1079","G59",22.56717,"None","0","2H:581007791"
"1080","G60",22.28642,"None","0","2H:581007791"
"1081","G61",24.42887,"None","0","2H:581007791"
"1082","G62",23.66343,"None","0","2H:581007791"
"1083","G64",18.38015,"None","0","2H:581007791"
"1084","G67",25.88545,"None","0","2H:581007791"
"1085","G68",25.37264,"None","0","2H:581007791"
"1086","G70",21.92482,"None","0","2H:581007791"
"1087","G72",23.48201,"None","0","2H:581007791"
"1088","G74",21.75054,"None","0","2H:581007791"
"1089","G75",22.20819,"None","0","2H:581007791"
"1090","G77",20.64377,"None","0","2H:581007791"
"1091","G80",23.40869,"None","0","2H:581007791"
"1092","G83",23.3449,"None","0","2H:581007791"
"1093","G88",23.74322,"None","0","2H:581007791"
"1094","G90",22.7644,"None","0","2H:581007791"
"1095","G99",26.11791,"None","0","2H:581007791"
"1096","G100",22.29833,"None","0","2H:581007791"
"1097","G101",19.93417,"None","0","2H:581007791"
"1098","G102",23.92129,"None","0","2H:581007791"
"1099","G103",25.2111,"None","0","2H:581007791"
"1100","G104",24.36128,"None","0","2H:581007791"
"1101","G105",24.06825,"None","0","2H:581007791"
"1102","G106",25.61894,"None","0","2H:581007791"
"1103","G108",19.64525,"None","0","2H:581007791"
"1104","G110",28.96363,"None","0","2H:581007791"
"1105","G111",28.52344,"None","0","2H:581007791"
"1106","G112",19.95238,"None","0","2H:581007791"
"1107","G113",26.15121,"None","0","2H:581007791"
"1108","G114",24.21481,"None","0","2H:581007791"
"1109","G115",24.04039,"None","0","2H:581007791"
"1110","G116",20.89212,"None","0","2H:581007791"
"1111","G117",20.3125,"None","0","2H:581007791"
"1112","G118",24.97284,"None","0","2H:581007791"
"1113","G125",24.54999,"None","0","2H:581007791"
"1114","G126",21.86295,"None","0","2H:581007791"
"1115","G128",22.03227,"None","0","2H:581007791"
"1116","G129",22.01006,"None","0","2H:581007791"
"1117","G130",24.54955,"None","0","2H:581007791"
"1118","G132",21.98551,"None","0","2H:581007791"
"1119","G133",20.26776,"None","0","2H:581007791"
"1120","G134",23.37856,"None","0","2H:581007791"
"1121","G135",22.23951,"None","0","2H:581007791"
"1122","G142",19.55423,"None","0","2H:581007791"
"1123","G143",18.3469,"None","0","2H:581007791"
"1124","G144",20.18378,"None","0","2H:581007791"
"1125","G148",23.50036,"None","0","2H:581007791"
"1126","G151",24.30629,"None","0","2H:581007791"
"1127","G152",24.49588,"None","0","2H:581007791"
"1128","G153",29.90218,"None","0","2H:581007791"
"1129","G155",22.73793,"None","0","2H:581007791"
"1130","G157",20.84918,"None","0","2H:581007791"
"1131","G158",23.83787,"None","0","2H:581007791"
"1132","G161",19.76787,"None","0","2H:581007791"
"1133","G163",21.88774,"None","0","2H:581007791"
"1134","G164",20.38232,"None","0","2H:581007791"
"1135","G165",21.59656,"None","0","2H:581007791"
"1136","G167",24.13836,"None","0","2H:581007791"
"1137","G168",25.39961,"None","0","2H:581007791"
"1138","G170",25.55701,"None","0","2H:581007791"
"1139","G172",18.07362,"None","0","2H:581007791"
"1140","G173",18.98188,"None","0","2H:581007791"
"1141","G174",22.56185,"None","0","2H:581007791"
"1142","G175",24.94921,"None","0","2H:581007791"
"1143","G176",22.56311,"None","0","2H:581007791"
"1144","G177",27.20277,"None","0","2H:581007791"
"1145","G180",27.30487,"None","0","2H:581007791"
"1146","G181",25.69306,"None","0","2H:581007791"
"1147","G182",29.84108,"None","0","2H:581007791"
"1148","G183",28.66612,"None","0","2H:581007791"
"1149","G184",26.33494,"None","0","2H:581007791"
"1150","G186",25.95314,"None","0","2H:581007791"
"1151","G187",28.70198,"None","0","2H:581007791"
"1152","G191",21.43564,"None","0","2H:581007791"
"1153","G199",22.95815,"None","0","2H:581007791"
"1154","G201",22.24142,"None","0","2H:581007791"
"1155","G202",29.00766,"None","0","2H:581007791"
"1156","G205",21.7835,"None","0","2H:581007791"
"1157","G207",25.59333,"None","0","2H:581007791"
"1158","G211",28.31159,"None","0","2H:581007791"
"1159","G215",23.49388,"None","0","2H:581007791"
"1160","G216",25.42057,"None","0","2H:581007791"
"1161","G217",22.00663,"None","0","2H:581007791"
"1162","G219",22.68511,"None","0","2H:581007791"
"1163","G221",21.79953,"None","0","2H:581007791"
"1164","G222",26.62316,"None","0","2H:581007791"
"1165","G224",20.20812,"None","0","2H:581007791"
"1166","G231",23.91724,"None","0","2H:581007791"
"1167","G232",26.21343,"None","0","2H:581007791"
"1168","G233",24.28866,"None","0","2H:581007791"
"1169","G234",23.31223,"None","0","2H:581007791"
"1170","G246",21.63308,"None","0","2H:581007791"
"1171","G248",21.22922,"None","0","2H:581007791"
"1172","G250",19.43773,"None","0","2H:581007791"
"1173","G251",24.08078,"None","0","2H:581007791"
"1174","G253",21.79992,"None","0","2H:581007791"
"1175","G255",28.40349,"None","0","2H:581007791"
"1176","G256",26.68488,"None","0","2H:581007791"
"1177","G259",23.29905,"None","0","2H:581007791"
"1178","G260",23.96823,"None","0","2H:581007791"
"1179","G261",25.37573,"None","0","2H:581007791"
"1180","G262",24.98447,"None","0","2H:581007791"
"1181","G263",23.79806,"None","0","2H:581007791"
"1182","G264",24.81622,"None","0","2H:581007791"
"1183","G265",21.82168,"None","0","2H:581007791"
"1184","G266",22.92131,"None","0","2H:581007791"
"1185","G267",23.32122,"None","0","2H:581007791"
"1186","G268",25.24806,"None","0","2H:581007791"
"1187","G269",24.80703,"None","0","2H:581007791"
"1188","G270",24.05777,"None","0","2H:581007791"
"1189","G271",24.42248,"None","0","2H:581007791"
"1190","G272",23.91018,"None","0","2H:581007791"
"1191","G273",20.56283,"None","0","2H:581007791"
"1192","G274",22.86778,"None","0","2H:581007791"
"1193","G275",26.05617,"None","0","2H:581007791"
"1194","G276",27.19841,"None","0","2H:581007791"
"1195","G277",25.28839,"None","0","2H:581007791"
"1196","G279",23.21165,"None","0","2H:581007791"
"1197","G280",26.03816,"None","0","2H:581007791"
"1198","G281",22.72305,"None","0","2H:581007791"
"1199","G282",26.11562,"None","0","2H:581007791"
"1200","G283",24.45398,"None","0","2H:581007791"
"1201","G286",25.61038,"None","0","2H:581007791"
"1202","G287",26.6317,"None","0","2H:581007791"
"1203","G290",26.40152,"None","0","2H:581007791"
"1204","G291",23.14703,"None","0","2H:581007791"
"1205","G292",20.08106,"None","0","2H:581007791"
"1206","G295",23.31748,"None","0","2H:581007791"
"1207","G297",21.00525,"None","0","2H:581007791"
"1208","G298",21.09422,"None","0","2H:581007791"
"1209","G300",21.29525,"None","0","2H:581007791"
"1210","G303",21.70223,"None","0","2H:581007791"
"1211","G306",27.18422,"None","0","2H:581007791"
"1212","G307",21.69367,"None","0","2H:581007791"
"1213","G309",21.1899,"None","0","2H:581007791"
"1214","G314",27.26724,"None","0","2H:581007791"
"1215","G316",23.26561,"None","0","2H:581007791"
"1216","G318",23.43454,"None","0","2H:581007791"
"1217","G1",22.72177,"None","0","2H:582673984"
"1218","G4",23.32083,"None","0","2H:582673984"
"1219","G5",19.54859,"None","0","2H:582673984"
"1220","G8",24.15301,"None","0","2H:582673984"
"1221","G9",22.52751,"None","0","2H:582673984"
"1222","G13",19.26368,"None","0","2H:582673984"
"1223","G15",17.48008,"None","0","2H:582673984"
"1224","G17",24.0248,"None","0","2H:582673984"
"1225","G18",22.31159,"None","0","2H:582673984"
"1226","G19",22.16574,"None","0","2H:582673984"
"1227","G22",31.1648,"None","0","2H:582673984"
"1228","G24",23.31557,"None","0","2H:582673984"
"1229","G26",24.30342,"None","0","2H:582673984"
"1230","G27",26.71765,"None","0","2H:582673984"
"1231","G28",25.55364,"None","0","2H:582673984"
"1232","G30",23.78639,"None","0","2H:582673984"
"1233","G33",21.50603,"None","0","2H:582673984"
"1234","G34",22.19739,"None","0","2H:582673984"
"1235","G35",21.7006,"None","0","2H:582673984"
"1236","G36",24.94855,"None","0","2H:582673984"
"1237","G37",23.11009,"None","0","2H:582673984"
"1238","G38",26.7845,"None","0","2H:582673984"
"1239","G39",20.2729,"None","0","2H:582673984"
"1240","G40",21.69324,"None","0","2H:582673984"
"1241","G43",24.34155,"None","0","2H:582673984"
"1242","G44",20.60255,"None","0","2H:582673984"
"1243","G46",21.68197,"None","0","2H:582673984"
"1244","G47",23.70208,"None","0","2H:582673984"
"1245","G51",20.36825,"None","0","2H:582673984"
"1246","G52",21.05676,"None","0","2H:582673984"
"1247","G53",19.49794,"None","0","2H:582673984"
"1248","G54",22.52677,"None","0","2H:582673984"
"1249","G55",20.84079,"None","0","2H:582673984"
"1250","G56",20.81844,"None","0","2H:582673984"
"1251","G63",23.46048,"None","0","2H:582673984"
"1252","G65",23.85477,"None","0","2H:582673984"
"1253","G66",24.01184,"None","0","2H:582673984"
"1254","G67",25.88545,"None","0","2H:582673984"
"1255","G70",21.92482,"None","0","2H:582673984"
"1256","G71",18.35576,"None","0","2H:582673984"
"1257","G72",23.48201,"None","0","2H:582673984"
"1258","G74",21.75054,"None","0","2H:582673984"
"1259","G80",23.40869,"None","0","2H:582673984"
"1260","G83",23.3449,"None","0","2H:582673984"
"1261","G86",22.96864,"None","0","2H:582673984"
"1262","G88",23.74322,"None","0","2H:582673984"
"1263","G90",22.7644,"None","0","2H:582673984"
"1264","G94",24.81785,"None","0","2H:582673984"
"1265","G99",26.11791,"None","0","2H:582673984"
"1266","G101",19.93417,"None","0","2H:582673984"
"1267","G103",25.2111,"None","0","2H:582673984"
"1268","G106",25.61894,"None","0","2H:582673984"
"1269","G108",19.64525,"None","0","2H:582673984"
"1270","G110",28.96363,"None","0","2H:582673984"
"1271","G112",19.95238,"None","0","2H:582673984"
"1272","G114",24.21481,"None","0","2H:582673984"
"1273","G115",24.04039,"None","0","2H:582673984"
"1274","G116",20.89212,"None","0","2H:582673984"
"1275","G117",20.3125,"None","0","2H:582673984"
"1276","G118",24.97284,"None","0","2H:582673984"
"1277","G119",20.06586,"None","0","2H:582673984"
"1278","G121",23.13077,"None","0","2H:582673984"
"1279","G122",20.91659,"None","0","2H:582673984"
"1280","G125",24.54999,"None","0","2H:582673984"
"1281","G128",22.03227,"None","0","2H:582673984"
"1282","G130",24.54955,"None","0","2H:582673984"
"1283","G133",20.26776,"None","0","2H:582673984"
"1284","G134",23.37856,"None","0","2H:582673984"
"1285","G142",19.55423,"None","0","2H:582673984"
"1286","G143",18.3469,"None","0","2H:582673984"
"1287","G144",20.18378,"None","0","2H:582673984"
"1288","G145",20.38281,"None","0","2H:582673984"
"1289","G148",23.50036,"None","0","2H:582673984"
"1290","G151",24.30629,"None","0","2H:582673984"
"1291","G152",24.49588,"None","0","2H:582673984"
"1292","G155",22.73793,"None","0","2H:582673984"
"1293","G157",20.84918,"None","0","2H:582673984"
"1294","G158",23.83787,"None","0","2H:582673984"
"1295","G159",20.80584,"None","0","2H:582673984"
"1296","G161",19.76787,"None","0","2H:582673984"
"1297","G162",22.85653,"None","0","2H:582673984"
"1298","G163",21.88774,"None","0","2H:582673984"
"1299","G164",20.38232,"None","0","2H:582673984"
"1300","G165",21.59656,"None","0","2H:582673984"
"1301","G166",24.44135,"None","0","2H:582673984"
"1302","G167",24.13836,"None","0","2H:582673984"
"1303","G169",19.99307,"None","0","2H:582673984"
"1304","G170",25.55701,"None","0","2H:582673984"
"1305","G171",18.1033,"None","0","2H:582673984"
"1306","G172",18.07362,"None","0","2H:582673984"
"1307","G173",18.98188,"None","0","2H:582673984"
"1308","G174",22.56185,"None","0","2H:582673984"
"1309","G176",22.56311,"None","0","2H:582673984"
"1310","G177",27.20277,"None","0","2H:582673984"
"1311","G179",18.07656,"None","0","2H:582673984"
"1312","G186",25.95314,"None","0","2H:582673984"
"1313","G187",28.70198,"None","0","2H:582673984"
"1314","G188",21.37451,"None","0","2H:582673984"
"1315","G190",19.85955,"None","0","2H:582673984"
"1316","G191",21.43564,"None","0","2H:582673984"
"1317","G192",23.36046,"None","0","2H:582673984"
"1318","G194",23.76612,"None","0","2H:582673984"
"1319","G195",21.00274,"None","0","2H:582673984"
"1320","G196",20.76239,"None","0","2H:582673984"
"1321","G198",21.64197,"None","0","2H:582673984"
"1322","G199",22.95815,"None","0","2H:582673984"
"1323","G200",21.84498,"None","0","2H:582673984"
"1324","G201",22.24142,"None","0","2H:582673984"
"1325","G202",29.00766,"None","0","2H:582673984"
"1326","G203",18.58091,"None","0","2H:582673984"
"1327","G206",21.31375,"None","0","2H:582673984"
"1328","G208",22.49594,"None","0","2H:582673984"
"1329","G211",28.31159,"None","0","2H:582673984"
"1330","G212",22.00162,"None","0","2H:582673984"
"1331","G213",22.76205,"None","0","2H:582673984"
"1332","G214",22.66022,"None","0","2H:582673984"
"1333","G215",23.49388,"None","0","2H:582673984"
"1334","G218",21.11602,"None","0","2H:582673984"
"1335","G224",20.20812,"None","0","2H:582673984"
"1336","G225",22.83821,"None","0","2H:582673984"
"1337","G226",24.0162,"None","0","2H:582673984"
"1338","G234",23.31223,"None","0","2H:582673984"
"1339","G235",23.44093,"None","0","2H:582673984"
"1340","G236",24.69329,"None","0","2H:582673984"
"1341","G237",19.85151,"None","0","2H:582673984"
"1342","G238",22.04493,"None","0","2H:582673984"
"1343","G239",20.94633,"None","0","2H:582673984"
"1344","G248",21.22922,"None","0","2H:582673984"
"1345","G254",22.87899,"None","0","2H:582673984"
"1346","G256",26.68488,"None","0","2H:582673984"
"1347","G260",23.96823,"None","0","2H:582673984"
"1348","G266",22.92131,"None","0","2H:582673984"
"1349","G276",27.19841,"None","0","2H:582673984"
"1350","G284",24.18164,"None","0","2H:582673984"
"1351","G285",22.98508,"None","0","2H:582673984"
"1352","G286",25.61038,"None","0","2H:582673984"
"1353","G287",26.6317,"None","0","2H:582673984"
"1354","G288",26.69294,"None","0","2H:582673984"
"1355","G289",20.63683,"None","0","2H:582673984"
"1356","G290",26.40152,"None","0","2H:582673984"
"1357","G291",23.14703,"None","0","2H:582673984"
"1358","G292",20.08106,"None","0","2H:582673984"
"1359","G293",25.37291,"None","0","2H:582673984"
"1360","G295",23.31748,"None","0","2H:582673984"
"1361","G296",20.96936,"None","0","2H:582673984"
"1362","G297",21.00525,"None","0","2H:582673984"
"1363","G298",21.09422,"None","0","2H:582673984"
"1364","G300",21.29525,"None","0","2H:582673984"
"1365","G303",21.70223,"None","0","2H:582673984"
"1366","G305",19.64234,"None","0","2H:582673984"
"1367","G306",27.18422,"None","0","2H:582673984"
"1368","G307",21.69367,"None","0","2H:582673984"
"1369","G308",23.62506,"None","0","2H:582673984"
"1370","G311",25.42234,"None","0","2H:582673984"
"1371","G312",19.11717,"None","0","2H:582673984"
"1372","G313",21.71683,"None","0","2H:582673984"
"1373","G315",23.40745,"None","0","2H:582673984"
"1374","G316",23.26561,"None","0","2H:582673984"
"1375","G317",15.57887,"None","0","2H:582673984"
